1100015	WebISS	2.02
1100023	Fiorilli	2.00
1100031	PadraoNacional	
1100049	WebISS	2.02
1100056	Fiorilli	2.00
1100064	Fiorilli	2.00
1100072	Fiorilli	2.00
1100080	PadraoNacional	
1100098	Fiorilli	2.00
1100106	PadraoNacional	
1100114	Fiorilli	2.00
1100122	Fiorilli	
1100130	Fiorilli	2.00
1100148	EloTech	2.03
1100155	PadraoNacional	
1100189	Fiorilli	2.00
1100205	EL	2.04
1100254	PadraoNacional	
1100262	EloTech	2.03
1100288	WebISS	2.02
1100296	Agili	
1100304	WebISS	2.02
1100320	PadraoNacional	
1100338	Fiorilli	2.00
1100346	PadraoNacional	
1100379	PadraoNacional	
1100403	PadraoNacional	
1100452	Fiorilli	2.00
1100502	PadraoNacional	
1100601	Fiorilli	2.00
1100700	Fiorilli	2.00
1100809	Betha	
1100908	EloTech	2.03
1100924	PadraoNacional	
1100940	Fiorilli	2.00
1101005	Fiorilli	2.00
1101104	PadraoNacional	
1101203	Agili	
1101302	PadraoNacional	
1101401	PadraoNacional	
1101435	PadraoNacional	
1101450	PadraoNacional	
1101468	Fiorilli	2.00
1101476	PadraoNacional	
1101484	EloTech	2.03
1101492	WebISS	2.02
1101500	PadraoNacional	
1101559	PadraoNacional	
1101609	Fiorilli	2.00
1101708	WebISS	2.02
1101757	EloTech	2.03
1101807	Fiorilli	2.00
1200013	Betha	
1200054	Betha	
1200104	PadraoNacional	
1200138	PadraoNacional	
1200179	Betha	
1200203	Betha	
1200252	Betha	
1200302	Betha	
1200328	Betha	
1200336	Betha	
1200344	PadraoNacional	
1200351	PadraoNacional	
1200385	Betha	
1200393	PadraoNacional	
1200401	PadraoNacional	
1200427	Betha	
1200435	Betha	
1200450	Betha	
1200500	Betha	
1200609	Betha	
1200708	PadraoNacional	
1200807	Betha	
1300060	PadraoNacional	
1300144	Fiorilli	2.00
1300300	Betha	
1300706	PadraoNacional	
1300805	PadraoNacional	
1300839	PadraoNacional	
1301159	PadraoNacional	
1301209	Betha	
1301308	PadraoNacional	
1301704	PadraoNacional	
1301852	PadraoNacional	
1301902	Fiorilli	2.00
1302009	PadraoNacional	
1302108	PadraoNacional	
1302207	PadraoNacional	
1302553	Fiorilli	2.00
1302603	PadraoNacional	
1302702	Betha	
1303205	Betha	
1303536	Fiorilli	2.00
1303569	PadraoNacional	
1303908	PadraoNacional	
1304005	PadraoNacional	
1304203	Fiorilli	2.00
1304260	PadraoNacional	
1400027	PadraoNacional	
1400050	PadraoNacional	
1400100	PadraoNacional	
1400159	PadraoNacional	
1400175	PadraoNacional	
1400209	PadraoNacional	
1400233	PadraoNacional	
1400282	PadraoNacional	
1400308	PadraoNacional	
1400407	PadraoNacional	
1400456	PadraoNacional	
1400472	PadraoNacional	
1400506	PadraoNacional	
1400605	PadraoNacional	
1400704	PadraoNacional	
1500107	Desenvolve	2.03
1500131	PadraoNacional	
1500206	PadraoNacional	
1500347	Fiorilli	2.00
1500404	PadraoNacional	
1500602	PadraoNacional	
1500800	PadraoNacional	
1500859	PadraoNacional	
1500909	Aspec	
1500958	WebISS	
1501006	Aspec	
1501105	PadraoNacional	
1501204	Aspec	
1501253	Aspec	
1501303	ISSNet	
1501402	DSF	2.03
1501451	PadraoNacional	
1501501	Desenvolve	2.03
1501576	PadraoNacional	
1501600	PadraoNacional	
1501709	Bauhaus	
1501725	PadraoNacional	
1501758	Fiorilli	2.00
1501782	PadraoNacional	
1501808	PadraoNacional	
1501907	PadraoNacional	
1501956	PadraoNacional	
1502004	Futurize	2.02
1502103	PadraoNacional	
1502152	PadraoNacional	
1502202	PadraoNacional	
1502301	PadraoNacional	
1502400	PadraoNacional	
1502707	ISSIntel	
1502756	PadraoNacional	
1502764	ISSIntel	
1502772	PadraoNacional	
1502806	PadraoNacional	
1502855	PadraoNacional	
1502905	Aspec	
1502939	PadraoNacional	
1502954	PadraoNacional	
1503077	PadraoNacional	
1503101	PadraoNacional	
1503200	PadraoNacional	
1503309	PadraoNacional	
1503408	Fiorilli	2.00
1503457	CTAConsult	
1503507	ISSIntel	
1503606	Coplan	
1503705	PadraoNacional	
1503754	Fiorilli	2.00
1503804	Aspec	
1503903	PadraoNacional	
1504000	PadraoNacional	
1504059	PadraoNacional	
1504109	PadraoNacional	
1504208	PadraoNacional	
1504422	PadraoNacional	
1504455	Fiorilli	2.00
1504505	Fiorilli	2.00
1504604	ISSIntel	
1504703	PadraoNacional	
1504752	PadraoNacional	
1504802	PadraoNacional	
1504901	PadraoNacional	
1504950	PadraoNacional	
1504976	Fiorilli	2.00
1505007	PadraoNacional	
1505031	Agili	
1505064	PadraoNacional	
1505106	PadraoNacional	
1505205	PadraoNacional	
1505304	ISSNet	
1505437	Fiorilli	2.00
1505486	PadraoNacional	
1505494	PadraoNacional	
1505502	PadraoNacional	
1505536	PadraoNacional	
1505551	Fiorilli	2.00
1505601	PadraoNacional	
1505635	PadraoNacional	
1505650	ISSIntel	
1505700	ISSIntel	
1505809	PadraoNacional	
1505908	PadraoNacional	
1506005	PadraoNacional	
1506104	PadraoNacional	
1506138	PadraoNacional	
1506161	Fiorilli	2.00
1506187	PadraoNacional	
1506195	PadraoNacional	
1506203	PadraoNacional	
1506302	PadraoNacional	
1506401	PadraoNacional	
1506500	TaxTecnologia	2.04
1506559	ISSIntel	
1506583	PadraoNacional	
1506609	PadraoNacional	
1506708	PadraoNacional	
1506807	PadraoNacional	
1506906	PadraoNacional	
1507003	WebISS	
1507102	PadraoNacional	
1507151	Fiorilli	2.00
1507201	Bauhaus	
1507300	PadraoNacional	
1507409	PadraoNacional	
1507458	Fiorilli	2.00
1507466	Fiorilli	2.00
1507474	Bauhaus	
1507607	Aspec	
1507706	PadraoNacional	
1507755	PadraoNacional	
1507805	PadraoNacional	
1507904	ISSIntel	
1507953	Fiorilli	2.00
1507961	PadraoNacional	
1507979	PadraoNacional	
1508001	PadraoNacional	
1508035	PadraoNacional	
1508050	PadraoNacional	
1508084	PadraoNacional	
1508100	PadraoNacional	
1508126	PadraoNacional	
1508159	PadraoNacional	
1508209	PadraoNacional	
1508308	PadraoNacional	
1508357	PadraoNacional	
1508407	Desenvolve	2.03
1600055	PadraoNacional	
1600154	PadraoNacional	
1600204	PadraoNacional	
1600212	PadraoNacional	
1600238	PadraoNacional	
1600303	ISSNet	
1600402	Fiorilli	2.00
1600550	PadraoNacional	
1600600	PadraoNacional	
1600709	MegaSoft	2.00
1600808	PadraoNacional	
1700251	MegaSoft	2.00
1700301	MegaSoft	2.00
1700400	MegaSoft	2.00
1701002	MegaSoft	2.00
1701051	PadraoNacional	
1701101	MegaSoft	2.00
1701309	PadraoNacional	
1702109	WebISS	2.02
1702158	PadraoNacional	
1702208	WebISS	2.02
1702307	MegaSoft	2.00
1702406	MegaSoft	2.00
1702554	MegaSoft	2.00
1702901	Fiorilli	2.00
1703008	PadraoNacional	
1703057	PadraoNacional	
1703073	MegaSoft	2.00
1703107	MegaSoft	2.00
1703305	MegaSoft	2.00
1703701	PadraoNacional	
1703826	PadraoNacional	
1703842	MegaSoft	2.00
1703867	Prodata	2.01
1703883	PadraoNacional	
1703909	MegaSoft	2.00
1705508	MegaSoft	2.00
1705557	MegaSoft	2.00
1705607	PadraoNacional	
1706001	MegaSoft	2.00
1706100	MegaSoft	2.00
1706506	MegaSoft	2.00
1707009	WebISS	2.02
1707108	PadraoNacional	
1707207	MegaSoft	2.00
1707553	MegaSoft	2.00
1707702	PadraoNacional	
1708205	MegaSoft	2.00
1708254	PadraoNacional	
1708304	MegaSoft	2.00
1709005	MegaSoft	2.00
1709302	PadraoNacional	
1709500	WebISS	2.02
1709807	Centi	2.02
1710706	MegaSoft	2.00
1711100	PadraoNacional	
1711803	MegaSoft	2.00
1711902	MegaSoft	2.00
1712009	MegaSoft	2.00
1712157	MegaSoft	2.00
1712405	MegaSoft	2.00
1712504	MegaSoft	2.00
1712702	MegaSoft	2.00
1712801	PadraoNacional	
1713205	PadraoNacional	
1713304	MegaSoft	2.00
1713601	MegaSoft	2.00
1713700	MegaSoft	2.00
1713809	MegaSoft	2.00
1713957	MegaSoft	2.00
1714203	MegaSoft	2.00
1714302	MegaSoft	2.00
1714880	MegaSoft	2.00
1715002	PadraoNacional	
1715101	MegaSoft	2.00
1715259	MegaSoft	2.00
1715705	MegaSoft	2.00
1715754	PadraoNacional	
1716109	WebISS	2.02
1716307	MegaSoft	2.00
1716505	PadraoNacional	
1716604	MegaSoft	2.00
1716653	MegaSoft	2.00
1716703	MegaSoft	2.00
1717008	Centi	2.02
1717206	MegaSoft	2.00
1717909	MegaSoft	2.00
1718006	MegaSoft	2.00
1718204	WebISS	2.02
1718303	MegaSoft	2.00
1718402	PadraoNacional	
1718501	PadraoNacional	
1718550	Fiorilli	2.00
1718659	PadraoNacional	
1718840	PadraoNacional	
1718865	MegaSoft	2.00
1718881	MegaSoft	2.00
1718899	PadraoNacional	
1719004	PadraoNacional	
1720002	PadraoNacional	
1720150	MegaSoft	2.00
1720259	MegaSoft	2.00
1720309	MegaSoft	2.00
1720499	PadraoNacional	
1720655	PadraoNacional	
1720903	MegaSoft	2.00
1720937	MegaSoft	2.00
1720978	Fiorilli	2.00
1721000	WebISS	2.02
1721109	MegaSoft	2.00
1721208	MegaSoft	2.00
1721307	PadraoNacional	
1722081	PadraoNacional	
1722107	PadraoNacional	
2100055	SpeedGov	1.00
2100204	Fiorilli	2.00
2100303	Fiorilli	2.00
2100402	PadraoNacional	
2100436	PadraoNacional	
2100477	PadraoNacional	
2100501	Fiorilli	2.00
2100600	Fiorilli	2.00
2100709	Fiorilli	2.00
2100873	PadraoNacional	
2100956	PadraoNacional	
2101004	PadraoNacional	
2101103	PadraoNacional	
2101202	SigCorp	2.04
2101400	PadraoNacional	
2101608	PadraoNacional	
2101731	PadraoNacional	
2101772	Fiorilli	2.00
2101806	PadraoNacional	
2101905	PadraoNacional	
2101970	PadraoNacional	
2102036	PadraoNacional	
2102077	Aspec	
2102309	Fiorilli	2.00
2102358	MegaSoft	2.00
2102408	Fiorilli	2.00
2102556	Fiorilli	2.00
2102754	Fiorilli	2.00
2102804	Fiorilli	2.00
2102903	PadraoNacional	
2103000	PadraoNacional	
2103109	PadraoNacional	
2103158	PadraoNacional	
2103257	Fiorilli	2.00
2103307	Fiorilli	2.00
2103406	Fiorilli	2.00
2103604	PadraoNacional	
2103703	Fiorilli	2.00
2103802	Fiorilli	2.00
2104008	PadraoNacional	
2104057	TaxTecnologia	2.04
2104099	Fiorilli	
2104552	Fiorilli	2.00
2104651	Fiorilli	2.00
2104677	PadraoNacional	
2104701	PadraoNacional	
2104800	SpeedGov	1.00
2105005	Fiorilli	2.00
2105153	Fiorilli	2.00
2105302	PadraoNacional	
2105401	SigCorp	2.04
2105427	Fiorilli	2.00
2105708	PadraoNacional	
2105948	PadraoNacional	
2106326	Fiorilli	2.00
2106375	PadraoNacional	
2106508	Fiorilli	2.00
2106607	Fiorilli	2.00
2106631	Fiorilli	2.00
2106706	Fiorilli	2.00
2106755	PadraoNacional	
2107001	MegaSoft	2.00
2107100	Fiorilli	2.00
2107357	PadraoNacional	
2107407	Tributus	2.04
2107506	PadraoNacional	
2107704	PadraoNacional	
2107803	Fiorilli	2.00
2107902	PadraoNacional	
2108009	Fiorilli	2.00
2108207	Fiorilli	2.00
2108306	PadraoNacional	
2108454	Fiorilli	2.00
2108603	PadraoNacional	
2108702	Fiorilli	2.00
2108900	CTAConsult	
2109056	PadraoNacional	
2109106	CTAConsult	
2109205	Fiorilli	2.00
2109304	Fiorilli	2.00
2109403	Aspec	
2109452	Bauhaus	
2109601	Fiorilli	2.00
2109700	PadraoNacional	
2109809	Fiorilli	2.00
2110005	WebISS	
2110039	Fiorilli	2.00
2110278	Fiorilli	2.00
2110302	CTAConsult	
2110401	PadraoNacional	
2110500	PadraoNacional	
2110658	Fiorilli	2.00
2110807	PadraoNacional	
2110856	PadraoNacional	
2111029	Fiorilli	2.00
2111078	PadraoNacional	
2111102	Fiorilli	2.00
2111201	PadraoNacional	
2111300	PadraoNacional	
2111409	Fiorilli	2.00
2111508	CTAConsult	
2111573	XTRTecnologia	
2111607	MegaSoft	2.00
2111631	PadraoNacional	
2111672	PadraoNacional	
2111763	PadraoNacional	
2111805	Fiorilli	2.00
2111953	PadraoNacional	
2112001	PadraoNacional	
2112100	Fiorilli	2.00
2112209	PadraoNacional	
2112233	Aspec	
2112407	Bauhaus	
2112456	PadraoNacional	
2112506	PadraoNacional	
2112704	PadraoNacional	
2112803	Fiorilli	2.00
2112852	PadraoNacional	
2112902	Fiorilli	2.00
2114007	PadraoNacional	
2200053	Fiorilli	2.00
2200103	Fiorilli	2.00
2200251	Fiorilli	2.00
2200277	PadraoNacional	
2200301	PadraoNacional	
2200400	Fisco	2.03
2200459	PadraoNacional	
2200905	PadraoNacional	
2201101	PadraoNacional	
2201150	Fiorilli	2.00
2201176	PadraoNacional	
2201200	PadraoNacional	
2201507	PadraoNacional	
2201556	PadraoNacional	
2201572	Fiorilli	2.00
2201606	PadraoNacional	
2201705	PadraoNacional	
2201739	Fiorilli	2.00
2201770	PadraoNacional	
2201903	Fisco	2.03
2201919	Fiorilli	2.00
2201929	PadraoNacional	
2201945	PadraoNacional	
2201960	PadraoNacional	
2202000	Fisco	2.03
2202059	PadraoNacional	
2202083	SpeedGov	1.00
2202091	Fiorilli	2.00
2202117	Fiorilli	2.00
2202133	PadraoNacional	
2202208	PadraoNacional	
2202251	PadraoNacional	
2202307	PadraoNacional	
2202406	PadraoNacional	
2202455	Fiorilli	2.00
2202505	Fiorilli	2.00
2202539	PadraoNacional	
2202554	PadraoNacional	
2202653	PadraoNacional	
2202703	PadraoNacional	
2202711	PadraoNacional	
2202729	Fiorilli	2.00
2202737	PadraoNacional	
2202851	Fiorilli	2.00
2203107	PadraoNacional	
2203255	PadraoNacional	
2203271	Fiorilli	2.00
2203305	Fiorilli	2.00
2203354	Fiorilli	2.00
2203404	Fiorilli	2.00
2203453	PadraoNacional	
2203503	PadraoNacional	
2203800	PadraoNacional	
2204006	Fiorilli	2.00
2204105	PadraoNacional	
2204154	PadraoNacional	
2204204	PadraoNacional	
2204303	PadraoNacional	
2204402	Fiorilli	2.00
2204659	PadraoNacional	
2204808	PadraoNacional	
2204907	PadraoNacional	
2205003	PadraoNacional	
2205151	Fiorilli	2.00
2205250	Fiorilli	2.00
2205276	PadraoNacional	
2205300	PadraoNacional	
2205409	PadraoNacional	
2205458	PadraoNacional	
2205508	PadraoNacional	
2205516	PadraoNacional	
2205524	Fiorilli	2.00
2205540	PadraoNacional	
2205557	PadraoNacional	
2205565	Fiorilli	2.00
2205581	PadraoNacional	
2205599	Fiorilli	2.00
2205607	PadraoNacional	
2205706	PadraoNacional	
2205854	PadraoNacional	
2205904	PadraoNacional	
2205953	Fiorilli	2.00
2206001	PadraoNacional	
2206209	PadraoNacional	
2206670	PadraoNacional	
2206696	PadraoNacional	
2206704	PadraoNacional	
2206753	PadraoNacional	
2206803	PadraoNacional	
2206902	Fiorilli	2.00
2207009	ISSIntel	
2207207	PadraoNacional	
2207603	Fiorilli	2.00
2207702	PadraoNacional	
2207751	PadraoNacional	
2207850	PadraoNacional	
2207900	Fiorilli	2.00
2207934	PadraoNacional	
2208007	ISSIntel	
2208106	Fiorilli	2.00
2208205	PadraoNacional	
2208403	PadraoNacional	
2208502	PadraoNacional	
2208551	Fiorilli	2.00
2208650	Fiorilli	2.00
2208700	PadraoNacional	
2208874	Fiorilli	2.00
2208908	PadraoNacional	
2209104	PadraoNacional	
2209203	PadraoNacional	
2209377	Fiorilli	2.00
2209450	PadraoNacional	
2209500	PadraoNacional	
2209658	PadraoNacional	
2209757	Fiorilli	2.00
2209807	Fiorilli	2.00
2209872	PadraoNacional	
2209906	PadraoNacional	
2209955	PadraoNacional	
2210003	Fiorilli	2.00
2210052	PadraoNacional	
2210300	PadraoNacional	
2210375	PadraoNacional	
2210391	PadraoNacional	
2210409	Fiorilli	2.00
2210607	Fiorilli	2.00
2210631	PadraoNacional	
2210656	PadraoNacional	
2210938	PadraoNacional	
2210979	PadraoNacional	
2211001	DSF	2.03
2211100	Fisco	2.03
2211209	PadraoNacional	
2211308	WebISS	
2211357	PadraoNacional	
2211704	Fiorilli	2.00
2300101	PadraoNacional	
2300150	PadraoNacional	
2300200	SpeedGov	1.00
2300408	Aspec	
2300507	PadraoNacional	
2300606	Aspec	
2300754	SpeedGov	1.00
2300804	PadraoNacional	
2300903	PadraoNacional	
2301000	SpeedGov	1.00
2301109	SpeedGov	1.00
2301257	PadraoNacional	
2301307	PadraoNacional	
2301703	PadraoNacional	
2301802	PadraoNacional	
2301851	PadraoNacional	
2301901	SpeedGov	1.00
2302008	PadraoNacional	
2302057	Aspec	
2302107	PadraoNacional	
2302206	SpeedGov	1.00
2302305	Aspec	
2302503	XTRTecnologia	
2302701	PadraoNacional	
2302800	SpeedGov	1.00
2302909	Aspec	
2303105	PadraoNacional	
2303204	PadraoNacional	
2303303	Aspec	
2303402	SpeedGov	1.00
2303501	SpeedGov	1.00
2303600	PadraoNacional	
2303659	PadraoNacional	
2303808	PadraoNacional	
2303907	PadraoNacional	
2303956	Aspec	
2304103	SpeedGov	1.00
2304202	SpeedGov	1.00
2304236	PadraoNacional	
2304251	SpeedGov	1.00
2304269	SpeedGov	1.00
2304285	EL	2.04
2304350	SpeedGov	1.00
2304400	ISSFortaleza	
2304509	PadraoNacional	
2304905	Aspec	
2304954	PadraoNacional	
2305001	PadraoNacional	
2305233	SpeedGov	
2305308	PadraoNacional	
2305332	SpeedGov	
2305407	SpeedGov	1.00
2305506	SpeedGov	1.00
2305605	PadraoNacional	
2305654	PadraoNacional	
2305704	PadraoNacional	
2306009	PadraoNacional	
2306207	Aspec	
2306256	Betha	
2306306	PadraoNacional	
2306405	SpeedGov	1.00
2306702	Aspec	
2307007	XTRTecnologia	
2307254	SpeedGov	1.00
2307304	SpeedGov	1.00
2307650	SpeedGov	1.00
2307700	SpeedGov	1.00
2307809	XTRTecnologia	
2307908	PadraoNacional	
2308203	PadraoNacional	
2308351	PadraoNacional	
2308377	PadraoNacional	
2308609	Aspec	
2308807	PadraoNacional	
2308906	Aspec	
2309003	PadraoNacional	
2309102	PadraoNacional	
2309300	PadraoNacional	
2309409	PadraoNacional	
2309458	Aspec	
2309508	PadraoNacional	
2309706	SpeedGov	1.00
2310209	PadraoNacional	
2310704	PadraoNacional	
2310803	PadraoNacional	
2310852	SpeedGov	1.00
2310902	PadraoNacional	
2310951	PadraoNacional	
2311009	PadraoNacional	
2311231	PadraoNacional	
2311405	PadraoNacional	
2311504	XTRTecnologia	
2311801	SpeedGov	1.00
2311900	PadraoNacional	
2311959	PadraoNacional	
2312205	PadraoNacional	
2312304	PadraoNacional	
2312809	Aspec	
2312908	SpeedGov	1.00
2313252	PadraoNacional	
2313302	SpeedGov	1.00
2313401	SpeedGov	1.00
2313500	SpeedGov	1.00
2313609	SpeedGov	
2313757	PadraoNacional	
2313955	SSInformatica	2.03
2314102	PadraoNacional	
2400109	PadraoNacional	
2400208	Publica	
2400901	PadraoNacional	
2401008	PadraoNacional	
2401404	PadraoNacional	
2401503	PadraoNacional	
2401602	Fiorilli	2.00
2401909	PadraoNacional	
2402006	PadraoNacional	
2402105	Tinus	2.03
2402204	PadraoNacional	
2402402	PadraoNacional	
2402501	PadraoNacional	
2402600	Tinus	2.03
2402709	PadraoNacional	
2402808	PadraoNacional	
2402907	Tributus	2.04
2403004	PadraoNacional	
2403103	Tinus	2.03
2403251	Tinus	2.03
2403301	PadraoNacional	
2403400	PadraoNacional	
2403509	PadraoNacional	
2403608	Tinus	2.03
2403707	PadraoNacional	
2403756	PadraoNacional	
2403806	PadraoNacional	
2403905	PadraoNacional	
2404002	PadraoNacional	
2404200	Tinus	2.03
2404606	PadraoNacional	
2404705	PadraoNacional	
2404804	PadraoNacional	
2404853	Tinus	
2405108	PadraoNacional	
2405207	PadraoNacional	
2405306	PadraoNacional	
2405405	PadraoNacional	
2405504	PadraoNacional	
2405603	PadraoNacional	
2405702	PadraoNacional	
2406155	PadraoNacional	
2406205	PadraoNacional	
2406304	Aspec	
2406403	PadraoNacional	
2406502	Tributus	2.04
2406601	PadraoNacional	
2406908	PadraoNacional	
2407005	PadraoNacional	
2407104	Tinus	2.03
2407252	PadraoNacional	
2407302	PadraoNacional	
2407401	PadraoNacional	
2407708	PadraoNacional	
2407807	Tinus	2.03
2408003	Tinus	2.03
2408102	PadraoNacional	
2408201	Tinus	2.03
2408409	PadraoNacional	
2408607	Publica	
2408706	PadraoNacional	
2408904	PadraoNacional	
2408953	Tinus	2.03
2409209	PadraoNacional	
2409332	PadraoNacional	
2409407	Tributus	2.04
2409506	PadraoNacional	
2409605	PadraoNacional	
2409704	PadraoNacional	
2409803	Tinus	2.03
2410207	PadraoNacional	
2410306	Fiorilli	2.00
2410405	Tinus	2.03
2410504	PadraoNacional	
2410702	PadraoNacional	
2410900	Fiorilli	2.00
2411007	Publica	
2411056	PadraoNacional	
2411205	PadraoNacional	
2411429	PadraoNacional	
2411601	PadraoNacional	
2411809	PadraoNacional	
2411908	PadraoNacional	
2412005	Tinus	2.03
2412104	PadraoNacional	
2412203	Tinus	2.03
2412302	PadraoNacional	
2412401	PadraoNacional	
2412500	Tributus	2.04
2412559	Tinus	2.03
2412609	PadraoNacional	
2412708	PadraoNacional	
2412807	PadraoNacional	
2412906	PadraoNacional	
2413003	Aspec	
2413102	PadraoNacional	
2413201	Tinus	2.03
2413300	Aspec	
2413359	PadraoNacional	
2413409	Tinus	2.03
2413508	PadraoNacional	
2413557	PadraoNacional	
2413607	Publica	
2413706	PadraoNacional	
2413805	PadraoNacional	
2414001	Tinus	2.03
2414100	Tinus	2.03
2414159	PadraoNacional	
2414209	PadraoNacional	
2414308	Tinus	
2414407	Tinus	2.03
2414456	PadraoNacional	
2414506	Aspec	
2414605	PadraoNacional	
2414704	PadraoNacional	
2414753	Tributus	2.04
2414803	PadraoNacional	
2414902	PadraoNacional	
2500106	Elmar	2.02
2500205	PadraoNacional	
2500304	PadraoNacional	
2500403	PublicSoft	2.03
2500536	PadraoNacional	
2500577	PadraoNacional	
2500601	PadraoNacional	
2500775	Elmar	2.02
2500809	Elmar	2.02
2501005	PublicSoft	2.03
2501153	PadraoNacional	
2501203	PadraoNacional	
2501302	PadraoNacional	
2501534	Elmar	2.02
2501609	PadraoNacional	
2501807	WebISS	2.02
2501906	Elmar	2.02
2502003	PadraoNacional	
2502052	PadraoNacional	
2502102	PadraoNacional	
2502201	Elmar	2.02
2502300	PadraoNacional	
2502409	PadraoNacional	
2502607	PadraoNacional	
2502706	Elmar	2.02
2502805	PadraoNacional	
2502904	PadraoNacional	
2503001	Tributus	2.04
2503209	Tinus	2.03
2503308	Elmar	2.02
2503407	PublicSoft	2.03
2503506	Elmar	2.02
2503704	PadraoNacional	
2503753	Elmar	2.02
2503803	PadraoNacional	
2503902	PadraoNacional	
2504009	WebISS	2.02
2504074	PadraoNacional	
2504108	Elmar	2.02
2504207	PadraoNacional	
2504306	Tinus	2.03
2504355	PadraoNacional	
2504405	PadraoNacional	
2504603	PadraoNacional	
2504702	PadraoNacional	
2504900	PadraoNacional	
2505006	PadraoNacional	
2505204	Elmar	2.02
2505238	PublicSoft	2.03
2505303	PadraoNacional	
2505352	PadraoNacional	
2505402	PadraoNacional	
2505907	PadraoNacional	
2506004	Elmar	2.02
2506202	Elmar	2.02
2506251	PadraoNacional	
2506301	Elmar	2.02
2506400	PadraoNacional	
2506509	PadraoNacional	
2506905	Elmar	2.02
2507002	PublicSoft	2.03
2507101	PublicSoft	2.03
2507200	PadraoNacional	
2507408	Elmar	2.02
2507507	DSF	2.03
2507903	PadraoNacional	
2508000	PadraoNacional	
2508109	Elmar	2.02
2508208	Elmar	2.02
2508505	PadraoNacional	
2508554	Elmar	2.02
2508604	Tinus	2.03
2508703	PadraoNacional	
2508802	Tributus	2.04
2508901	PublicSoft	2.03
2509008	PublicSoft	2.03
2509107	PadraoNacional	
2509206	PadraoNacional	
2509305	Elmar	2.02
2509404	PadraoNacional	
2509503	PadraoNacional	
2509701	PublicSoft	2.03
2510006	PublicSoft	2.03
2510105	Elmar	2.02
2510204	PadraoNacional	
2510402	PublicSoft	2.03
2510501	PadraoNacional	
2510600	PublicSoft	2.03
2510659	PadraoNacional	
2510808	WebISS	2.02
2510907	Elmar	2.02
2511004	PadraoNacional	
2511103	PadraoNacional	
2511202	Tributus	2.04
2511301	PublicSoft	2.03
2511400	PadraoNacional	
2511608	PublicSoft	2.03
2511707	Elmar	2.02
2511806	Elmar	2.02
2512002	PadraoNacional	
2512036	PublicSoft	2.03
2512101	Elmar	2.02
2512200	PadraoNacional	
2512309	PadraoNacional	
2512408	PadraoNacional	
2512606	PadraoNacional	
2512705	PadraoNacional	
2512721	Elmar	2.02
2512747	PublicSoft	2.03
2512762	PublicSoft	2.03
2512788	PadraoNacional	
2512804	Elmar	2.02
2512903	Elmar	2.02
2513158	Elmar	2.02
2513208	Elmar	2.02
2513307	PublicSoft	2.03
2513356	PublicSoft	2.03
2513406	PadraoNacional	
2513505	PublicSoft	2.03
2513653	PadraoNacional	
2513968	Elmar	2.02
2513984	Elmar	2.02
2514008	PadraoNacional	
2514107	PadraoNacional	
2514206	Elmar	2.02
2514453	PadraoNacional	
2514503	PadraoNacional	
2514602	PadraoNacional	
2514651	PadraoNacional	
2514800	PadraoNacional	
2515005	PadraoNacional	
2515104	PadraoNacional	
2515203	Elmar	2.02
2515302	PublicSoft	2.03
2515401	Elmar	2.02
2515500	PadraoNacional	
2515609	PadraoNacional	
2515807	PublicSoft	2.03
2515906	Elmar	2.02
2515930	Elmar	2.02
2515971	PadraoNacional	
2516003	Elmar	2.02
2516102	PadraoNacional	
2516151	PadraoNacional	
2516201	Tinus	2.03
2516508	PadraoNacional	
2516607	PadraoNacional	
2516706	PadraoNacional	
2516755	PublicSoft	2.03
2516805	Elmar	2.02
2516904	Tinus	2.03
2517001	PadraoNacional	
2517209	PadraoNacional	
2600054	Tributus	2.04
2600104	PadraoNacional	
2600203	SpeedGov	1.00
2600302	Tributus	2.04
2600401	Fiorilli	2.00
2600500	PadraoNacional	
2600807	Tributus	2.04
2600906	Tributus	2.04
2601003	PadraoNacional	
2601052	PadraoNacional	
2601201	Tributus	2.04
2601300	Fiorilli	2.00
2601508	Fiorilli	2.00
2601706	Tributus	2.04
2601805	PadraoNacional	
2601904	Tributus	2.04
2602100	Tributus	2.04
2602209	Tributus	2.04
2602308	Tributus	2.04
2602407	PadraoNacional	
2602605	Tributus	2.04
2602803	Tributus	2.04
2602902	Tinus	2.03
2603207	PadraoNacional	
2603306	PadraoNacional	
2603454	Tinus	2.03
2603504	Tributus	2.04
2603603	Fiorilli	2.00
2603702	Tributus	2.04
2603801	PadraoNacional	
2603900	PadraoNacional	
2603926	PadraoNacional	
2604007	HM2	2.03
2604106	Giss	2.04
2604155	PadraoNacional	
2604205	Tributus	2.04
2604502	Tributus	2.04
2604601	Fiorilli	2.00
2604700	PadraoNacional	
2605004	Tributus	2.04
2605202	Tributus	2.04
2605301	XTRTecnologia	
2605400	Tributus	2.04
2605509	Fiorilli	2.00
2605608	PadraoNacional	
2605707	PadraoNacional	
2606002	Tinus	2.03
2606101	Tributus	2.04
2606200	Tinus	2.03
2606309	Tributus	2.04
2606408	Tributus	2.04
2606507	PadraoNacional	
2606705	Tributus	2.04
2606804	Tinus	2.03
2606903	Fiorilli	2.00
2607000	PadraoNacional	
2607109	PadraoNacional	
2607208	Tinus	2.03
2607307	Fiorilli	2.00
2607406	PadraoNacional	
2607505	PadraoNacional	
2607653	Fiorilli	2.00
2607802	Tributus	2.04
2607901	Tinus	2.03
2607950	Tributus	2.04
2608008	PadraoNacional	
2608107	Tributus	2.04
2608206	Fiorilli	2.00
2608255	PadraoNacional	
2608305	Tributus	2.04
2608453	Tributus	2.04
2608503	Fiorilli	2.00
2608701	Tributus	2.04
2608750	PadraoNacional	
2608800	Tributus	2.04
2609105	Tributus	2.04
2609402	Tributus	2.04
2609600	Tinus	2.03
2609709	Tributus	2.04
2609808	Fiorilli	2.00
2609907	Tributus	2.04
2610004	Tributus	2.04
2610202	Tributus	2.04
2610301	PadraoNacional	
2610509	PadraoNacional	
2610608	Tributus	2.04
2610707	Giss	2.04
2610905	Tributus	2.04
2611002	PadraoNacional	
2611101	EL	2.04
2611200	Tributus	2.04
2611309	Tributus	2.04
2611408	Tributus	2.04
2611533	PadraoNacional	
2611606	PadraoNacional	
2611705	Tributus	2.04
2611804	Tributus	2.04
2611903	PadraoNacional	
2612000	PadraoNacional	
2612109	Fiorilli	2.00
2612307	PadraoNacional	
2612455	Fiorilli	2.00
2612505	Tinus	2.03
2612554	Tributus	2.04
2612703	PadraoNacional	
2612802	PadraoNacional	
2612901	PadraoNacional	
2613107	Tributus	2.04
2613206	Tributus	2.04
2613701	Tributus	2.04
2613909	PadraoNacional	
2614006	Fiorilli	2.00
2614105	Tributus	2.04
2614204	PadraoNacional	
2614303	Tributus	2.04
2614600	PadraoNacional	
2614709	PadraoNacional	
2614857	Fiorilli	2.00
2615102	PadraoNacional	
2615300	Tributus	2.04
2615409	Tributus	2.04
2615508	PadraoNacional	
2615607	Fiorilli	2.00
2615904	PadraoNacional	
2616001	PadraoNacional	
2616100	Fiorilli	2.00
2616209	Tributus	2.04
2616308	Tributus	2.04
2616407	Tinus	2.03
2616506	Fiorilli	2.00
2700102	PadraoNacional	
2700201	PadraoNacional	
2700300	PadraoNacional	
2700409	PadraoNacional	
2700508	PadraoNacional	
2700607	PadraoNacional	
2700706	PadraoNacional	
2700805	PadraoNacional	
2700904	PadraoNacional	
2701001	PadraoNacional	
2701100	PadraoNacional	
2701357	Tributus	2.04
2701407	PadraoNacional	
2701605	PadraoNacional	
2701704	Tributus	2.04
2701803	PadraoNacional	
2701902	PadraoNacional	
2702009	PadraoNacional	
2702108	PadraoNacional	
2702207	PadraoNacional	
2702306	Betha	
2702355	PadraoNacional	
2702405	Agili	
2702504	PadraoNacional	
2702553	PadraoNacional	
2702603	PadraoNacional	
2702702	PadraoNacional	
2702801	PadraoNacional	
2702900	Fiorilli	2.00
2703007	PadraoNacional	
2703205	PadraoNacional	
2703304	Fiorilli	2.00
2703403	PadraoNacional	
2703502	Fiorilli	2.00
2703759	PadraoNacional	
2703809	PadraoNacional	
2703908	PadraoNacional	
2704104	PadraoNacional	
2704203	PadraoNacional	
2704302	Giss	2.04
2704500	Tributus	2.04
2704609	PadraoNacional	
2704708	Giss	2.04
2705200	Kalana	
2705309	PadraoNacional	
2705408	PadraoNacional	
2705507	PadraoNacional	
2705606	PadraoNacional	
2705705	Tributus	2.04
2705804	PadraoNacional	
2706000	PadraoNacional	
2706109	PadraoNacional	
2706208	PadraoNacional	
2706307	Agili	
2706406	PadraoNacional	
2706422	Kalana	
2706505	PadraoNacional	
2706604	PadraoNacional	
2706703	Tributus	2.04
2707008	PadraoNacional	
2707107	PadraoNacional	
2707206	PadraoNacional	
2707305	PadraoNacional	
2707404	Tributus	2.04
2707503	PadraoNacional	
2707602	PadraoNacional	
2707701	PadraoNacional	
2707909	Tributus	2.04
2708006	DBSeller	
2708105	PadraoNacional	
2708204	PadraoNacional	
2708303	PadraoNacional	
2708600	Kalana	
2709004	PadraoNacional	
2709103	PadraoNacional	
2709152	PadraoNacional	
2709301	PadraoNacional	
2709400	Tributus	2.04
2800209	WebISS	2.02
2800308	WebISS	2.02
2800506	PadraoNacional	
2800605	WebISS	2.02
2800670	Agape	2.03
2801009	WebISS	
2801108	PadraoNacional	
2801504	WebISS	2.02
2801603	PadraoNacional	
2801900	PadraoNacional	
2802007	PadraoNacional	
2802106	WebISS	
2802304	PadraoNacional	
2802601	PadraoNacional	
2802809	PadraoNacional	
2802908	WebISS	2.02
2803104	PadraoNacional	
2803302	WebISS	
2803401	PadraoNacional	
2803500	WebISS	2.02
2803609	WebISS	2.02
2803708	PadraoNacional	
2803906	PadraoNacional	
2804003	WebISS	2.02
2804102	WebISS	2.02
2804201	WebISS	2.02
2804300	WebISS	2.02
2804508	Tributus	2.04
2804607	PadraoNacional	
2804805	WebISS	2.02
2804904	PadraoNacional	
2805208	PadraoNacional	
2805406	PadraoNacional	
2805604	PadraoNacional	
2805802	PadraoNacional	
2806107	PadraoNacional	
2806305	PadraoNacional	
2806404	PadraoNacional	
2806503	PadraoNacional	
2806602	PadraoNacional	
2806701	WebISS	2.02
2806800	PadraoNacional	
2806909	PadraoNacional	
2807204	PadraoNacional	
2807402	WebISS	2.02
2900306	Fisco	2.03
2900355	PadraoNacional	
2900504	Fisco	2.03
2900603	PadraoNacional	
2900702	WebISS	2.02
2900801	Saatri	2.03
2900900	PadraoNacional	
2901007	PadraoNacional	
2901106	WebISS	
2901155	PadraoNacional	
2901205	Saatri	2.03
2901304	Saatri	2.03
2901353	PadraoNacional	
2901403	Saatri	2.03
2901502	PadraoNacional	
2901601	PadraoNacional	
2901700	PadraoNacional	
2901809	Fisco	2.03
2901957	PadraoNacional	
2902005	PadraoNacional	
2902054	PadraoNacional	
2902104	PadraoNacional	
2902203	PadraoNacional	
2902252	PadraoNacional	
2902302	PadraoNacional	
2902500	PadraoNacional	
2902609	Fisco	2.03
2902658	PadraoNacional	
2902708	Saatri	2.03
2902807	PadraoNacional	
2902906	EL	2.04
2903003	PadraoNacional	
2903102	PadraoNacional	
2903201	EL	
2903235	PadraoNacional	
2903276	Fisco	2.03
2903300	EL	2.04
2903409	Saatri	2.03
2903508	PadraoNacional	
2903607	PadraoNacional	
2903706	PadraoNacional	
2903904	Saatri	2.03
2903953	PadraoNacional	
2904001	Betha	
2904100	PadraoNacional	
2904308	PadraoNacional	
2904407	PadraoNacional	
2904605	WebISS	2.02
2904704	Saatri	2.03
2904753	PadraoNacional	
2904803	PadraoNacional	
2904852	Fisco	2.03
2904902	Fisco	2.03
2905008	PadraoNacional	
2905107	PadraoNacional	
2905305	PadraoNacional	
2905404	WebISS	2.02
2905503	PadraoNacional	
2905602	Saatri	2.03
2905701	ISSCamacari	2.01
2905800	PadraoNacional	
2905909	PadraoNacional	
2906006	PadraoNacional	
2906105	PadraoNacional	
2906204	PadraoNacional	
2906303	PadraoNacional	
2906402	PadraoNacional	
2906501	WebISS	2.02
2906600	Sudoeste	2.02
2906709	Saatri	2.03
2906808	PadraoNacional	
2906824	Fisco	2.03
2906857	PadraoNacional	
2906899	PadraoNacional	
2906907	EL	2.04
2907103	PadraoNacional	
2907202	Saatri	2.03
2907301	Fisco	2.03
2907400	PadraoNacional	
2907509	WebISS	2.02
2907707	Fisco	2.03
2907806	PadraoNacional	
2907905	PadraoNacional	
2908200	PadraoNacional	
2908408	PadraoNacional	
2908507	Fisco	2.03
2908705	PadraoNacional	
2908804	EloTech	
2908903	PadraoNacional	
2909000	PadraoNacional	
2909109	Sudoeste	2.02
2909208	Saatri	2.03
2909307	PadraoNacional	
2909406	Saatri	2.03
2909505	PadraoNacional	
2909604	Tributus	2.04
2909703	Saatri	2.03
2909802	Fisco	2.03
2909901	PadraoNacional	
2910008	PadraoNacional	
2910057	Saatri	2.03
2910107	Fisco	2.03
2910305	PadraoNacional	
2910503	Saatri	2.03
2910602	Saatri	2.03
2910701	Fisco	2.03
2910727	PadraoNacional	
2910750	PadraoNacional	
2910776	PadraoNacional	
2910800	WebISS	2.02
2910859	Fisco	2.03
2910909	PadraoNacional	
2911006	PadraoNacional	
2911105	PadraoNacional	
2911204	PadraoNacional	
2911253	Fisco	2.03
2911303	Fisco	2.03
2911402	PadraoNacional	
2911501	Saatri	2.03
2911600	Fisco	2.03
2911709	WebISS	2.02
2911808	EL	2.04
2911857	PadraoNacional	
2912004	PadraoNacional	
2912103	PadraoNacional	
2912202	EL	2.04
2912400	PadraoNacional	
2912608	PadraoNacional	
2912707	EL	2.04
2912806	WebISS	2.02
2913002	PadraoNacional	
2913101	PadraoNacional	
2913200	Saatri	2.03
2913309	Fisco	2.03
2913408	Fisco	2.03
2913457	Fisco	2.03
2913507	EL	2.04
2913606	PadraoNacional	
2913705	Saatri	2.03
2913903	Saatri	2.03
2914000	PadraoNacional	
2914109	Fisco	2.03
2914208	PadraoNacional	
2914307	PadraoNacional	
2914406	PadraoNacional	
2914505	PadraoNacional	
2914604	Saatri	2.03
2914653	Saatri	2.03
2914703	Saatri	2.03
2914802	WebISS	2.02
2914901	Saatri	2.03
2915007	Betha	
2915106	Betha	
2915205	PadraoNacional	
2915304	PadraoNacional	
2915353	Betha	
2915403	EL	2.04
2915502	PadraoNacional	
2915601	WebISS	2.02
2915700	PadraoNacional	
2915809	PadraoNacional	
2915908	Saatri	2.03
2916005	Fisco	2.03
2916104	PadraoNacional	
2916203	PadraoNacional	
2916401	WebISS	2.02
2916500	PadraoNacional	
2916708	PadraoNacional	
2916807	EloTech	2.03
2916856	PadraoNacional	
2916906	PadraoNacional	
2917003	Saatri	2.03
2917102	PadraoNacional	
2917201	EL	2.04
2917300	PadraoNacional	
2917334	PadraoNacional	
2917508	Saatri	2.03
2917607	PadraoNacional	
2917706	PadraoNacional	
2918001	EL	2.04
2918100	Saatri	2.03
2918308	EL	2.04
2918357	PadraoNacional	
2918407	WebISS	2.02
2918456	PadraoNacional	
2918506	PadraoNacional	
2918555	EL	2.04
2918605	PadraoNacional	
2918704	PadraoNacional	
2918803	PadraoNacional	
2918902	Saatri	2.03
2919009	PadraoNacional	
2919058	PadraoNacional	
2919108	PadraoNacional	
2919157	PadraoNacional	
2919207	MetropolisWeb	
2919306	Betha	
2919504	Fisco	2.03
2919553	PadraoNacional	
2919603	Fisco	2.03
2919702	PadraoNacional	
2919900	PadraoNacional	
2919926	PadraoNacional	
2919959	PadraoNacional	
2920007	Saatri	2.03
2920304	PadraoNacional	
2920452	PadraoNacional	
2920502	Betha	
2920809	PadraoNacional	
2920908	PadraoNacional	
2921104	EL	2.04
2921302	Sudoeste	2.02
2921401	PadraoNacional	
2921450	PadraoNacional	
2921500	PadraoNacional	
2921708	PadraoNacional	
2921906	PadraoNacional	
2922003	Saatri	2.03
2922052	Saatri	2.03
2922102	PadraoNacional	
2922201	PadraoNacional	
2922250	PadraoNacional	
2922508	PadraoNacional	
2922607	Sudoeste	2.02
2922656	PadraoNacional	
2922706	EL	2.04
2922755	PadraoNacional	
2922854	PadraoNacional	
2922904	Fisco	2.03
2923001	Saatri	2.03
2923035	PadraoNacional	
2923050	PadraoNacional	
2923209	PadraoNacional	
2923308	Saatri	2.03
2923357	PadraoNacional	
2923407	PadraoNacional	
2923704	PadraoNacional	
2923803	PadraoNacional	
2923902	Fisco	2.03
2924009	Fisco	2.03
2924058	Sudoeste	2.02
2924207	PadraoNacional	
2924405	PadraoNacional	
2924504	PadraoNacional	
2924603	PadraoNacional	
2924652	Fisco	2.03
2924801	Saatri	2.03
2925105	EL	2.04
2925204	WebISS	
2925253	PadraoNacional	
2925303	GestaoISS	2.02
2925402	PadraoNacional	
2925501	EL	2.04
2925709	EL	2.04
2925758	PadraoNacional	
2925907	PadraoNacional	
2925931	Fisco	2.03
2926004	PadraoNacional	
2926103	PadraoNacional	
2926202	Saatri	2.03
2926301	PadraoNacional	
2926400	PadraoNacional	
2926657	PadraoNacional	
2926806	Fiorilli	2.00
2927002	PadraoNacional	
2927200	Fisco	2.03
2927309	Fisco	2.03
2927408	ISSSalvador	
2927606	PadraoNacional	
2927705	PadraoNacional	
2927804	PadraoNacional	
2927903	PadraoNacional	
2928000	Sudoeste	2.02
2928059	PadraoNacional	
2928109	Fisco	2.03
2928208	PadraoNacional	
2928307	PadraoNacional	
2928406	PadraoNacional	
2928505	PadraoNacional	
2928703	WebISS	2.02
2928802	Fisco	2.03
2928901	PadraoNacional	
2929057	PadraoNacional	
2929107	Fisco	2.03
2929206	Saatri	2.03
2929255	PadraoNacional	
2929305	WebISS	2.02
2929370	Fisco	2.03
2929404	Fisco	2.03
2929503	Saatri	2.03
2929602	Fisco	2.03
2929909	PadraoNacional	
2930006	Fisco	2.03
2930105	WebISS	2.02
2930154	PadraoNacional	
2930204	PadraoNacional	
2930501	Ginfes	
2930600	PadraoNacional	
2930709	EL	2.04
2930758	PadraoNacional	
2930766	PadraoNacional	
2930774	PadraoNacional	
2930808	PadraoNacional	
2930907	PadraoNacional	
2931004	PadraoNacional	
2931103	PadraoNacional	
2931301	PadraoNacional	
2931350	Sudoeste	2.02
2931400	PadraoNacional	
2931509	Fisco	2.03
2931608	PadraoNacional	
2931707	PadraoNacional	
2931806	Saatri	2.03
2932002	PadraoNacional	
2932200	PadraoNacional	
2932309	Saatri	2.03
2932408	PadraoNacional	
2932457	Fisco	2.03
2932507	EL	
2932606	PadraoNacional	
2932705	WebISS	2.02
2932804	Saatri	2.03
2932903	EL	2.04
2933000	PadraoNacional	
2933059	PadraoNacional	
2933109	Fisco	2.03
2933158	PadraoNacional	
2933208	PadraoNacional	
2933257	PadraoNacional	
2933307	EL	2.04
2933406	PadraoNacional	
2933455	PadraoNacional	
2933505	PadraoNacional	
3100104	PadraoNacional	
3100203	Fiorilli	2.00
3100302	PadraoNacional	
3100500	eReceita	2.02
3100609	PadraoNacional	
3100807	PadraoNacional	
3100906	PadraoNacional	
3101003	PadraoNacional	
3101201	Futurize	2.02
3101300	Futurize	2.02
3101409	PadraoNacional	
3101508	Actcon	2.02
3101607	Betha	
3101631	PadraoNacional	
3101805	PadraoNacional	
3101904	PadraoNacional	
3102001	Betha	
3102050	PadraoNacional	
3102209	PadraoNacional	
3102308	Pronim	
3102407	Sintese	2.04
3102506	Futurize	2.02
3102605	PadraoNacional	
3102704	PadraoNacional	
3102803	Futurize	2.02
3102852	PadraoNacional	
3102902	PadraoNacional	
3103009	Betha	
3103108	Futurize	2.02
3103207	PadraoNacional	
3103306	Adm	2.01
3103405	Actcon	2.02
3103504	GovDigital	2.00
3103603	Futurize	2.02
3103702	Futurize	2.02
3103751	PadraoNacional	
3103801	PadraoNacional	
3103900	PadraoNacional	
3104007	PadraoNacional	
3104106	SimplISS	
3104205	WebISS	2.02
3104304	Bauhaus	
3104403	Futurize	2.02
3104452	PadraoNacional	
3104502	Fiorilli	2.00
3104601	PadraoNacional	
3104700	PadraoNacional	
3104809	Sintese	2.04
3104908	Futurize	2.02
3105004	PadraoNacional	
3105103	PadraoNacional	
3105202	Futurize	2.02
3105301	Betha	
3105400	SigCorp	2.04
3105509	PadraoNacional	
3105608	WebISS	2.02
3105707	PadraoNacional	
3105905	PadraoNacional	
3106002	PadraoNacional	
3106101	Futurize	2.02
3106200	PadraoNacional	
3106309	GovDigital	2.00
3106408	PadraoNacional	
3106507	PadraoNacional	
3106606	Futurize	2.02
3106655	PadraoNacional	
3106705	PadraoNacional	
3106804	Futurize	2.02
3106903	Futurize	2.02
3107109	Betha	
3107208	Futurize	2.02
3107307	Sintese	2.04
3107406	IPM	1.01
3107505	Futurize	2.02
3107604	PadraoNacional	
3107703	Sintese	2.04
3107901	Fiorilli	2.00
3108008	PadraoNacional	
3108107	Fiorilli	2.00
3108206	NFSeBrasil	
3108255	Sintese	2.04
3108305	Fiorilli	2.00
3108404	Betha	
3108552	PadraoNacional	
3108602	PadraoNacional	
3108701	Futurize	2.02
3108800	Fiorilli	2.00
3109006	PadraoNacional	
3109105	Fiorilli	2.00
3109204	Sintese	2.04
3109303	Fiorilli	2.00
3109402	PadraoNacional	
3109451	Futurize	2.02
3109501	Fiorilli	2.00
3109600	Sintese	2.04
3109709	PadraoNacional	
3109808	GovDigital	2.00
3109907	PadraoNacional	
3110004	Pronim	
3110103	EL	
3110202	WebISS	
3110301	PadraoNacional	
3110400	SH3	2.00
3110509	Fiorilli	2.00
3110608	Fiorilli	2.00
3110707	PadraoNacional	
3110806	WebISS	2.02
3110905	PadraoNacional	
3111002	PadraoNacional	
3111101	Horus	
3111150	Sintese	2.04
3111200	PadraoNacional	
3111309	PadraoNacional	
3111408	PadraoNacional	
3111507	PadraoNacional	
3111606	Betha	
3111705	Futurize	2.02
3111903	PadraoNacional	
3112000	NFSeBrasil	
3112059	NFSeBrasil	
3112109	PadraoNacional	
3112208	SH3	2.00
3112307	Sintese	2.04
3112406	PadraoNacional	
3112505	ISSIntel	
3112604	GovDigital	2.00
3112703	Sintese	2.04
3112802	Fiorilli	2.00
3112901	Futurize	2.02
3113008	PadraoNacional	
3113107	PadraoNacional	
3113206	PadraoNacional	
3113305	EL	
3113404	Pronim	
3113503	PadraoNacional	
3113602	PadraoNacional	
3113701	PadraoNacional	
3113800	PadraoNacional	
3113909	PadraoNacional	
3114006	PadraoNacional	
3114105	PadraoNacional	
3114204	PadraoNacional	
3114303	PadraoNacional	
3114402	Fiorilli	2.00
3114501	IPM	1.01
3114600	PadraoNacional	
3114709	Fiorilli	2.00
3114808	Futurize	2.02
3114907	PadraoNacional	
3115003	PadraoNacional	
3115201	PadraoNacional	
3115300	IPM	2.04
3115359	Pronim	
3115409	PadraoNacional	
3115458	PadraoNacional	
3115474	Sintese	2.04
3115508	GovDigital	2.00
3115607	ISSLegal	2.03
3115706	EL	2.04
3115805	PadraoNacional	
3115904	Futurize	2.02
3116001	Actcon	2.02
3116100	PadraoNacional	
3116159	Sintese	2.04
3116209	Futurize	2.02
3116308	Futurize	2.02
3116407	PadraoNacional	
3116506	PadraoNacional	
3116605	Betha	
3116704	Futurize	2.02
3116803	PadraoNacional	
3116902	PadraoNacional	
3117009	Sintese	2.04
3117108	Betha	
3117207	ISSLegal	2.03
3117306	PadraoNacional	
3117405	Futurize	2.02
3117504	GovDigital	2.00
3117603	Fiorilli	2.00
3117702	PadraoNacional	
3117801	PadraoNacional	
3117836	Sintese	2.04
3117876	PadraoNacional	
3117900	PadraoNacional	
3118007	PadraoNacional	
3118106	PadraoNacional	
3118205	PadraoNacional	
3118304	Betha	
3118403	VersaTecnologia	2.04
3118502	Fiorilli	2.00
3118601	Pronim	
3118700	PadraoNacional	
3118809	Sintese	2.04
3118908	EL	
3119005	PadraoNacional	
3119104	PadraoNacional	
3119203	PadraoNacional	
3119302	PadraoNacional	
3119401	PadraoNacional	
3119500	Adm	2.01
3119609	Adm	2.01
3119708	PadraoNacional	
3119807	Futurize	2.02
3119906	PadraoNacional	
3119955	PadraoNacional	
3120003	PadraoNacional	
3120102	Sintese	2.04
3120151	PadraoNacional	
3120201	Bauhaus	
3120300	Sintese	2.04
3120409	SH3	2.00
3120508	Futurize	2.02
3120607	Sintese	2.04
3120706	PadraoNacional	
3120805	Futurize	2.02
3120839	Futurize	2.02
3120870	PadraoNacional	
3120904	PadraoNacional	
3121001	PadraoNacional	
3121100	Sintese	2.04
3121209	Horus	
3121258	PadraoNacional	
3121308	PadraoNacional	
3121407	PadraoNacional	
3121605	PadraoNacional	
3121704	Futurize	2.02
3121803	Actcon	2.02
3121902	Adm	2.01
3122009	PadraoNacional	
3122108	PadraoNacional	
3122207	PadraoNacional	
3122306	PadraoNacional	
3122355	PadraoNacional	
3122405	PadraoNacional	
3122454	PadraoNacional	
3122470	PadraoNacional	
3122603	PadraoNacional	
3122702	Fiorilli	2.00
3122801	Futurize	2.02
3122900	Adm	2.01
3123007	PadraoNacional	
3123106	PadraoNacional	
3123205	GovDigital	2.00
3123304	Adm	2.01
3123403	PadraoNacional	
3123502	PadraoNacional	
3123528	PadraoNacional	
3123601	PadraoNacional	
3123809	PadraoNacional	
3123908	PadraoNacional	
3124005	SH3	2.00
3124104	Fiorilli	2.00
3124203	EL	2.04
3124302	Sintese	2.04
3124401	PadraoNacional	
3124500	Fiorilli	2.00
3124609	Futurize	2.02
3124807	PadraoNacional	
3124906	Futurize	2.02
3125002	Futurize	2.02
3125101	WebISS	2.02
3125200	Bauhaus	
3125309	EL	2.04
3125507	PadraoNacional	
3125606	PadraoNacional	
3125705	PadraoNacional	
3125903	PadraoNacional	
3125952	Futurize	2.02
3126000	PadraoNacional	
3126109	WebISS	2.02
3126208	ISSLegal	2.03
3126307	NFSeBrasil	
3126406	PadraoNacional	
3126505	PadraoNacional	
3126604	Sintese	2.04
3126703	Sintese	2.04
3126752	PadraoNacional	
3126802	PadraoNacional	
3126901	PadraoNacional	
3126950	PadraoNacional	
3127008	PadraoNacional	
3127057	NFSeBrasil	
3127073	Sintese	2.04
3127107	GovDigital	2.00
3127206	GestaoISS	2.02
3127305	PadraoNacional	
3127339	Sintese	2.04
3127354	PadraoNacional	
3127370	Futurize	2.02
3127388	Adm	2.01
3127404	Fiorilli	2.00
3127503	Futurize	2.02
3127602	Sintese	2.04
3127701	PadraoNacional	
3127800	PadraoNacional	
3127909	PadraoNacional	
3128006	EL	2.04
3128105	PadraoNacional	
3128204	PadraoNacional	
3128253	Sintese	2.04
3128303	Betha	
3128402	Futurize	2.02
3128501	Adm	2.01
3128600	NFSeBrasil	
3128709	GovDigital	2.01
3128808	PadraoNacional	
3128907	PadraoNacional	
3129004	PadraoNacional	
3129301	VersaTecnologia	2.04
3129400	Futurize	2.02
3129509	PadraoNacional	
3129608	PadraoNacional	
3129657	PadraoNacional	
3129707	EL	
3129806	PadraoNacional	
3129905	Futurize	2.02
3130002	SH3	2.00
3130051	Sintese	2.04
3130101	ISSDigital	
3130200	Betha	
3130309	PadraoNacional	
3130408	PadraoNacional	
3130507	PadraoNacional	
3130556	VersaTecnologia	2.04
3130606	PadraoNacional	
3130705	PadraoNacional	
3130804	SH3	2.00
3130903	VersaTecnologia	2.04
3131000	NFSeBrasil	
3131109	Betha	
3131158	Actcon	2.02
3131208	PadraoNacional	
3131307	SigCorp	2.04
3131406	PadraoNacional	
3131505	PadraoNacional	
3131604	PadraoNacional	
3131703	Pronim	
3131802	EL	
3131901	IPM	2.04
3132008	Sintese	2.04
3132107	Sintese	2.04
3132206	Betha	
3132305	PadraoNacional	
3132404	PadraoNacional	
3132503	PadraoNacional	
3132701	EL	
3132800	PadraoNacional	
3132909	PadraoNacional	
3133006	PadraoNacional	
3133105	GovDigital	2.00
3133204	PadraoNacional	
3133303	Sintese	2.04
3133402	FGMaiss	
3133501	Fiorilli	2.00
3133600	Fiorilli	1.01
3133709	PadraoNacional	
3133758	Betha	
3133808	ISSNet	
3133907	SH3	2.00
3134004	Sintese	2.04
3134103	Fiorilli	2.00
3134202	PadraoNacional	
3134301	PadraoNacional	
3134400	PadraoNacional	
3134509	PadraoNacional	
3134608	WebISS	
3134707	PadraoNacional	
3134806	PadraoNacional	
3134905	Fiorilli	2.00
3135050	WebISS	2.02
3135076	PadraoNacional	
3135100	Sintese	2.04
3135209	Sintese	2.04
3135308	Fiorilli	2.00
3135357	PadraoNacional	
3135407	PadraoNacional	
3135456	Sintese	2.04
3135605	PadraoNacional	
3135704	PadraoNacional	
3135803	PadraoNacional	
3136009	PadraoNacional	
3136108	Actcon	2.02
3136207	EL	2.04
3136306	PadraoNacional	
3136405	Sintese	2.04
3136504	Futurize	2.02
3136520	Sintese	2.04
3136553	NFSeBrasil	
3136579	PadraoNacional	
3136603	Fiorilli	2.00
3136652	PadraoNacional	
3136702	fintelISS	2.00
3136801	PadraoNacional	
3136900	PadraoNacional	
3136959	Sintese	2.04
3137007	PadraoNacional	
3137106	PadraoNacional	
3137205	Betha	
3137304	PadraoNacional	
3137403	PadraoNacional	
3137502	PadraoNacional	
3137536	PadraoNacional	
3137601	Ginfes	
3137700	PadraoNacional	
3137809	Fiorilli	2.00
3137908	Futurize	2.02
3138005	Futurize	2.02
3138104	PadraoNacional	
3138203	GovDigital	2.01
3138351	Sintese	2.04
3138401	Fiorilli	2.00
3138500	Futurize	2.02
3138609	Futurize	2.02
3138625	GovDigital	2.00
3138658	PadraoNacional	
3138674	eReceita	2.02
3138708	SH3	2.00
3138807	PadraoNacional	
3138906	NFSeBrasil	
3139003	PadraoNacional	
3139102	PadraoNacional	
3139201	PadraoNacional	
3139250	Sintese	2.04
3139300	PadraoNacional	
3139409	EL	2.04
3139508	NFSeBrasil	
3139607	ISSNet	
3139706	PadraoNacional	
3139805	Futurize	2.02
3139904	Futurize	2.02
3140001	Betha	
3140100	Futurize	2.02
3140159	PadraoNacional	
3140209	Futurize	2.02
3140308	Actcon	2.02
3140407	ISSLegal	2.03
3140506	Fiorilli	2.00
3140530	PadraoNacional	
3140605	Sintese	2.04
3140704	ISSDigital	
3140803	Futurize	2.02
3140852	PadraoNacional	
3141009	PadraoNacional	
3141108	NFSeBrasil	
3141207	PadraoNacional	
3141306	WebISS	2.02
3141405	Sintese	2.04
3141603	Futurize	2.02
3141702	GovDigital	2.00
3141801	Sintese	2.04
3141900	Futurize	2.02
3142007	Sintese	2.04
3142106	Futurize	2.02
3142205	Futurize	2.02
3142254	Sintese	2.04
3142304	PadraoNacional	
3142403	Pronim	
3142502	PadraoNacional	
3142601	Fiorilli	2.00
3142700	PadraoNacional	
3142809	PadraoNacional	
3142908	PadraoNacional	
3143005	PadraoNacional	
3143104	PadraoNacional	
3143203	EL	2.04
3143302	PadraoNacional	
3143401	Fiorilli	2.00
3143450	Sintese	2.04
3143500	PadraoNacional	
3143609	PadraoNacional	
3143708	EL	
3143906	PadraoNacional	
3144003	PadraoNacional	
3144102	PadraoNacional	
3144201	PadraoNacional	
3144359	VersaTecnologia	2.04
3144375	Futurize	2.02
3144409	Futurize	2.02
3144508	PadraoNacional	
3144607	Betha	
3144656	PadraoNacional	
3144672	PadraoNacional	
3144706	SimplISS	
3144805	PadraoNacional	
3144904	PadraoNacional	
3145000	PadraoNacional	
3145059	PadraoNacional	
3145109	EL	
3145208	PadraoNacional	
3145307	Sintese	2.04
3145356	EL	2.04
3145372	PadraoNacional	
3145406	Futurize	2.02
3145455	Sintese	2.04
3145505	Futurize	2.02
3145604	PadraoNacional	
3145703	Futurize	2.02
3145851	PadraoNacional	
3145877	Futurize	2.02
3145901	Betha	
3146008	PadraoNacional	
3146107	PadraoNacional	
3146255	Sintese	2.04
3146305	PadraoNacional	
3146404	Fiorilli	2.00
3146503	GestaoISS	2.02
3146552	PadraoNacional	
3146602	Futurize	2.02
3146750	PadraoNacional	
3146909	PadraoNacional	
3147006	PadraoNacional	
3147105	ISSDigital	
3147204	PadraoNacional	
3147402	PadraoNacional	
3147501	Fiorilli	2.00
3147600	PadraoNacional	
3147709	PadraoNacional	
3147808	Futurize	2.02
3147907	WebISS	2.02
3147956	Sintese	2.04
3148004	PadraoNacional	
3148103	SimplISS	
3148202	Futurize	2.02
3148301	Futurize	2.02
3148400	PadraoNacional	
3148509	PadraoNacional	
3148608	Bauhaus	
3148707	PadraoNacional	
3148756	VersaTecnologia	2.04
3148806	Futurize	2.02
3148905	NFSeBrasil	
3149002	Fiorilli	2.00
3149101	PadraoNacional	
3149150	PadraoNacional	
3149200	PadraoNacional	
3149309	GovDigital	2.00
3149408	Futurize	2.02
3149507	Futurize	2.02
3149606	WebISS	2.02
3149705	NFSeBrasil	
3149804	PadraoNacional	
3149903	GestaoISS	2.02
3149952	EL	
3150000	NFSeBrasil	
3150109	Futurize	2.02
3150158	VersaTecnologia	2.04
3150208	Futurize	2.02
3150307	PadraoNacional	
3150406	PadraoNacional	
3150505	PadraoNacional	
3150539	Futurize	2.02
3150570	PadraoNacional	
3150604	PadraoNacional	
3150703	IPM	2.04
3150802	Futurize	2.02
3150901	Fiorilli	2.00
3151008	Fiorilli	2.00
3151107	Siappa	
3151206	PadraoNacional	
3151305	Adm	2.01
3151404	NFSeBrasil	
3151503	ISSIntel	
3151602	Betha	
3151701	Betha	
3151800	GovDigital	2.01
3151909	NFSeBrasil	
3152006	PadraoNacional	
3152105	PadraoNacional	
3152131	Sintese	2.04
3152170	EL	
3152204	WebISS	2.02
3152303	WebISS	
3152402	EL	
3152501	IPM	2.04
3152600	PadraoNacional	
3152709	PadraoNacional	
3152808	GovDigital	2.00
3152907	PadraoNacional	
3153004	PadraoNacional	
3153103	Futurize	2.02
3153202	EL	
3153301	Sintese	2.04
3153400	PadraoNacional	
3153509	Futurize	2.02
3153608	PadraoNacional	
3153707	ISSLegal	2.03
3153806	SH3	2.00
3153905	Betha	
3154002	PadraoNacional	
3154101	ISSLegal	2.03
3154150	VersaTecnologia	2.04
3154200	PadraoNacional	
3154309	PadraoNacional	
3154408	PadraoNacional	
3154457	Futurize	2.02
3154507	Sintese	2.04
3154606	PadraoNacional	
3154705	NFSeBrasil	
3154804	PadraoNacional	
3154903	PadraoNacional	
3155009	Futurize	2.02
3155108	PadraoNacional	
3155207	Futurize	2.02
3155306	Fiorilli	2.00
3155405	Adm	2.01
3155504	PadraoNacional	
3155603	PadraoNacional	
3155702	PadraoNacional	
3155801	Futurize	2.02
3155900	Futurize	2.02
3156007	EL	
3156106	PadraoNacional	
3156205	Futurize	2.02
3156304	PadraoNacional	
3156403	PadraoNacional	
3156452	Futurize	2.02
3156502	VersaTecnologia	2.04
3156601	PadraoNacional	
3156700	PadraoNacional	
3156809	NFSeBrasil	
3156908	Betha	
3157005	PadraoNacional	
3157104	PadraoNacional	
3157203	GestaoISS	2.02
3157252	EL	2.04
3157278	PadraoNacional	
3157302	SH3	2.00
3157336	PadraoNacional	
3157377	Sintese	2.04
3157401	Futurize	2.02
3157500	NFSeBrasil	
3157609	PadraoNacional	
3157658	PadraoNacional	
3157708	GovDigital	2.00
3157807	PadraoNacional	
3157906	PadraoNacional	
3158003	EL	
3158102	Sintese	2.04
3158201	PadraoNacional	
3158300	Betha	
3158409	PadraoNacional	
3158508	PadraoNacional	
3158607	Futurize	2.02
3158706	Futurize	2.02
3158805	SH3	2.00
3158904	PadraoNacional	
3158953	GestaoISS	2.02
3159001	WebISS	
3159100	SH3	2.00
3159209	Futurize	2.02
3159308	Futurize	2.02
3159357	EL	2.04
3159407	PadraoNacional	
3159506	Futurize	2.02
3159605	PadraoNacional	
3159704	PadraoNacional	
3159803	PadraoNacional	
3159902	Betha	
3160009	Futurize	2.02
3160108	Futurize	2.02
3160207	Sintese	2.04
3160306	PadraoNacional	
3160405	IPM	1.01
3160454	PadraoNacional	
3160504	PadraoNacional	
3160603	Sintese	2.04
3160702	Fiorilli	2.00
3160801	PadraoNacional	
3160900	Sintese	2.04
3160959	Fiorilli	2.00
3161007	EL	
3161056	PadraoNacional	
3161106	ISSIntel	
3161205	PadraoNacional	
3161304	GovDigital	2.00
3161403	EL	
3161502	PadraoNacional	
3161601	EL	
3161650	Futurize	2.02
3161700	PadraoNacional	
3161809	WebISS	2.02
3161908	PadraoNacional	
3162005	PadraoNacional	
3162104	PadraoNacional	
3162203	eReceita	2.02
3162252	PadraoNacional	
3162302	Fiorilli	2.00
3162401	PadraoNacional	
3162450	PadraoNacional	
3162500	PadraoNacional	
3162559	NFSeBrasil	
3162575	EL	
3162658	Sintese	2.04
3162807	EL	
3162906	PadraoNacional	
3162922	PadraoNacional	
3162948	PadraoNacional	
3162955	PadraoNacional	
3163102	NFSeBrasil	
3163201	Futurize	2.02
3163300	PadraoNacional	
3163409	Futurize	2.02
3163508	PadraoNacional	
3163706	WebISS	2.02
3163805	eReceita	2.02
3163904	PadraoNacional	
3164001	PadraoNacional	
3164100	PadraoNacional	
3164209	PadraoNacional	
3164308	PadraoNacional	
3164407	PadraoNacional	
3164431	Futurize	2.02
3164506	PadraoNacional	
3164605	PadraoNacional	
3164704	PadraoNacional	
3164803	ISSLegal	2.03
3164902	Futurize	2.02
3165008	PadraoNacional	
3165107	PadraoNacional	
3165206	PadraoNacional	
3165305	PadraoNacional	
3165404	PadraoNacional	
3165503	PadraoNacional	
3165537	Betha	
3165552	PadraoNacional	
3165560	Futurize	2.02
3165578	PadraoNacional	
3165701	Futurize	2.02
3165800	Fiorilli	2.00
3165909	EL	
3166006	Futurize	2.02
3166204	Futurize	2.02
3166303	Futurize	2.02
3166402	Futurize	2.02
3166501	Sintese	2.04
3166600	PadraoNacional	
3166709	PadraoNacional	
3166808	PadraoNacional	
3166907	PadraoNacional	
3166956	PadraoNacional	
3167004	Futurize	2.02
3167103	Fiorilli	2.00
3167202	PadraoNacional	
3167301	SH3	2.00
3167400	ISSLegal	2.03
3167509	Futurize	2.02
3167608	EL	
3167806	Futurize	2.02
3167905	Futurize	2.02
3168002	EL	2.04
3168101	PadraoNacional	
3168200	Futurize	2.02
3168309	PadraoNacional	
3168408	PadraoNacional	
3168507	Futurize	2.02
3168606	PadraoNacional	
3168705	Betha	
3168804	PadraoNacional	
3168903	PadraoNacional	
3169000	Adm	2.01
3169109	Futurize	2.02
3169307	EL	
3169356	PadraoNacional	
3169406	IPM	1.01
3169505	Sintese	2.04
3169604	PadraoNacional	
3169703	PadraoNacional	
3169901	PadraoNacional	
3170008	PadraoNacional	
3170057	Actcon	2.02
3170107	WebISS	2.02
3170206	PadraoNacional	
3170305	NFSeBrasil	
3170404	PadraoNacional	
3170438	PadraoNacional	
3170479	Futurize	2.02
3170503	NFSeBrasil	
3170529	ISSLegal	2.03
3170578	PadraoNacional	
3170602	PadraoNacional	
3170651	Sintese	2.04
3170701	Betha	
3170750	Fiorilli	2.00
3170800	Sintese	2.04
3170909	Sintese	2.04
3171006	PadraoNacional	
3171030	PadraoNacional	
3171071	PadraoNacional	
3171105	WebISS	
3171154	VersaTecnologia	2.04
3171204	PadraoNacional	
3171303	PadraoNacional	
3171402	EL	
3171501	PadraoNacional	
3171600	VersaTecnologia	2.04
3171709	Futurize	2.02
3171808	PadraoNacional	
3172004	PadraoNacional	
3172103	Futurize	2.02
3172202	PadraoNacional	
3200102	ISSIntel	
3200136	PadraoNacional	
3200169	PadraoNacional	
3200201	EL	2.04
3200300	EL	2.04
3200359	EL	2.04
3200409	EL	2.04
3200508	EL	2.04
3200607	EL	2.04
3200706	Betha	
3200805	EL	2.04
3200904	PadraoNacional	
3201001	EL	2.04
3201100	PadraoNacional	
3201159	Betha	
3201209	PadraoNacional	
3201308	SilTecnologia	
3201407	PadraoNacional	
3201506	PadraoNacional	
3201605	PadraoNacional	
3201704	EL	2.04
3201803	PadraoNacional	
3201902	EL	2.04
3202009	EL	
3202108	EL	
3202207	EL	2.04
3202256	EL	2.04
3202306	EL	2.04
3202405	PadraoNacional	
3202454	EL	2.04
3202504	PadraoNacional	
3202553	PadraoNacional	
3202603	EL	
3202652	EL	2.04
3202801	EL	2.04
3202900	EL	2.04
3203007	PadraoNacional	
3203056	EL	2.04
3203106	PadraoNacional	
3203130	EL	2.04
3203163	EL	2.04
3203205	EL	
3203304	EL	2.04
3203320	EL	2.04
3203346	EL	2.04
3203353	EL	2.04
3203403	EL	2.04
3203502	EL	2.04
3203601	EL	2.04
3203700	EL	2.04
3203809	EL	2.04
3203908	EL	2.04
3204005	EL	2.04
3204054	PadraoNacional	
3204104	PadraoNacional	
3204203	EL	
3204252	PadraoNacional	
3204302	PadraoNacional	
3204351	EL	2.04
3204401	EL	2.04
3204500	PadraoNacional	
3204559	EL	2.04
3204609	EL	2.04
3204658	EL	
3204708	EL	2.04
3204807	EL	2.04
3204906	EL	2.04
3204955	EL	2.04
3205002	PadraoNacional	
3205010	EL	2.04
3205036	PadraoNacional	
3205069	EL	2.04
3205101	EL	2.04
3205176	EL	2.04
3205200	SilTecnologia	
3205309	PadraoNacional	
3300100	Tiplan	2.03
3300159	PadraoNacional	
3300209	Pronim	
3300225	PadraoNacional	
3300233	EL	2.04
3300308	WebISS	2.02
3300407	Coplan	
3300456	ModernizacaoPublica	
3300506	Pronim	
3300605	PadraoNacional	
3300704	PadraoNacional	
3300803	PadraoNacional	
3300902	Betha	
3300936	PadraoNacional	
3300951	SH3	2.00
3301009	Giss	2.04
3301108	PadraoNacional	
3301157	Fiorilli	2.00
3301207	WebISS	
3301306	PadraoNacional	
3301405	SH3	2.00
3301504	SigISSWeb	
3301603	EL	2.04
3301702	ISSNet	
3301801	PadraoNacional	
3301850	PadraoNacional	
3301876	PadraoNacional	
3301900	CTA	2.00
3302007	Tiplan	
3302056	Pronim	
3302106	EL	2.04
3302205	Pronim	
3302254	PadraoNacional	
3302270	PadraoNacional	
3302304	Pronim	
3302403	Tiplan	
3302452	Pronim	
3302502	ModernizacaoPublica	
3302601	Tiplan	
3302700	PadraoNacional	
3302809	PadraoNacional	
3302858	ModernizacaoPublica	
3302908	WebISS	
3303005	Pronim	
3303104	Fiorilli	2.00
3303203	PadraoNacional	
3303302	PadraoNacional	
3303401	PadraoNacional	
3303500	PadraoNacional	
3303609	fintelISS	2.02
3303708	Pronim	
3303807	Fiorilli	2.00
3303856	PadraoNacional	
3303906	PadraoNacional	
3303955	Betha	
3304003	Tiplan	2.03
3304102	Fiorilli	2.00
3304110	AssessorPublico	
3304128	ModernizacaoPublica	
3304144	PadraoNacional	
3304151	Pronim	
3304201	PadraoNacional	
3304300	GestaoISS	2.02
3304409	EL	2.04
3304508	Betha	
3304524	Tiplan	2.03
3304557	PadraoNacional	
3304607	WebISS	
3304706	PadraoNacional	
3304755	Fiorilli	2.00
3304805	Fiorilli	2.00
3304904	ISSIntel	
3305000	WebISS	
3305109	PadraoNacional	
3305133	Fiorilli	2.00
3305158	PadraoNacional	
3305208	ModernizacaoPublica	
3305307	PadraoNacional	
3305406	Betha	
3305505	Pronim	
3305554	ModernizacaoPublica	
3305604	Pronim	
3305703	EL	2.04
3305802	Fiorilli	2.00
3305901	WebISS	
3306008	PriMax	1.01
3306107	PadraoNacional	
3306156	Pronim	
3306206	Pronim	
3306305	SimplISS	2.03
3500105	PadraoNacional	
3500204	PadraoNacional	
3500303	Betha	
3500402	Fiorilli	2.00
3500501	Fiorilli	2.00
3500550	ISSMap	
3500600	PadraoNacional	
3500709	PadraoNacional	
3500758	PadraoNacional	
3500907	PadraoNacional	
3501004	PadraoNacional	
3501103	PadraoNacional	
3501152	PadraoNacional	
3501202	Fiorilli	2.00
3501301	Pronim	
3501400	Fiorilli	2.00
3501509	PadraoNacional	
3501608	Tiplan	
3501707	IPM	2.04
3501806	Fiorilli	2.00
3501905	GovDigital	2.01
3502002	PadraoNacional	
3502101	PadraoNacional	
3502200	PadraoNacional	
3502309	Fiorilli	2.00
3502408	Pronim	
3502507	PadraoNacional	
3502606	PadraoNacional	
3502705	PadraoNacional	
3502754	PadraoNacional	
3502804	PadraoNacional	
3502903	PadraoNacional	
3503000	PadraoNacional	
3503109	PadraoNacional	
3503158	PadraoNacional	
3503208	Giap	
3503307	SigISSWeb	
3503356	Fiorilli	2.00
3503406	Fiorilli	2.00
3503505	PadraoNacional	
3503604	Sam	
3503703	PadraoNacional	
3503802	Prescon	
3503901	PadraoNacional	
3504008	PadraoNacional	
3504107	PadraoNacional	
3504206	Fiorilli	2.00
3504305	PadraoNacional	
3504404	Fiorilli	1.01
3504503	Fiorilli	2.00
3504602	PadraoNacional	
3504701	Fiorilli	2.00
3504800	Fiorilli	2.00
3504909	PadraoNacional	
3505005	PadraoNacional	
3505104	Fiorilli	2.00
3505203	Fiorilli	2.00
3505302	WebFisco	
3505351	PadraoNacional	
3505401	PadraoNacional	
3505500	RLZ	
3505609	PadraoNacional	
3505708	ISSBarueri	
3505807	Fiorilli	2.00
3505906	PadraoNacional	
3506003	SilTecnologia	
3506102	Conam	
3506201	PadraoNacional	
3506300	PadraoNacional	
3506359	Giss	2.04
3506409	PadraoNacional	
3506508	PadraoNacional	
3506607	PadraoNacional	
3506706	Fiorilli	2.00
3506805	Fiorilli	2.00
3506904	Fiorilli	2.00
3507001	Pronim	
3507100	PadraoNacional	
3507159	ISSMap	
3507209	Fiorilli	2.00
3507308	PadraoNacional	
3507407	PadraoNacional	
3507456	PadraoNacional	
3507506	PadraoNacional	
3507605	Conam	
3507704	PadraoNacional	
3507753	Sam	
3507803	Fiorilli	2.00
3507902	PadraoNacional	
3508009	PadraoNacional	
3508108	Sam	
3508207	Fiorilli	2.00
3508306	Fiorilli	2.00
3508405	Conam	
3508504	Conam	
3508603	PadraoNacional	
3508702	PadraoNacional	
3508801	PadraoNacional	
3508900	Fiorilli	2.00
3509007	Conam	
3509106	AssessorPublico	
3509205	GeisWeb	1.01
3509254	PadraoNacional	
3509304	Fiorilli	2.00
3509403	Conam	
3509452	PadraoNacional	
3509502	ISSCampinas	2.03
3509601	GeisWeb	1.01
3509700	PadraoNacional	
3509809	PadraoNacional	
3509908	PadraoNacional	
3509957	PadraoNacional	
3510005	Fiorilli	2.00
3510104	Betha	
3510153	PadraoNacional	
3510203	PadraoNacional	
3510302	PadraoNacional	
3510401	Ginfes	
3510500	SigCorp	2.04
3510609	Giap	
3510708	Fiorilli	2.00
3510807	SimplISS	
3510906	Betha	
3511003	Fiorilli	2.00
3511102	RLZ	
3511201	PadraoNacional	
3511300	PadraoNacional	
3511409	Fiorilli	2.00
3511508	PadraoNacional	
3511607	PadraoNacional	
3511706	PadraoNacional	
3511904	Fiorilli	2.00
3512001	PadraoNacional	
3512100	PadraoNacional	
3512209	SigISSWeb	
3512308	Pronim	
3512407	SigISSWeb	
3512506	Fiorilli	2.00
3512605	ISSMap	
3512704	Betha	
3512803	PadraoNacional	
3512902	Fiorilli	2.00
3513009	Giap	
3513108	Primax	1.01
3513207	PadraoNacional	
3513405	PadraoNacional	
3513504	SilTecnologia	
3513603	PadraoNacional	
3513702	PadraoNacional	
3513801	Giss	2.04
3513850	Fiorilli	2.00
3513900	Pronim	
3514007	PriMax	
3514106	SimplISS	
3514205	Fiorilli	2.00
3514304	Fiorilli	2.00
3514403	ISSNet	
3514502	PadraoNacional	
3514601	Fiorilli	2.00
3514700	Sam	
3514809	PadraoNacional	
3514908	PadraoNacional	
3514924	Fiorilli	2.00
3514957	Fiorilli	2.00
3515004	Giap	
3515103	Ginfes	
3515129	Pronim	
3515152	SigISSWeb	
3515186	SimplISS	
3515194	ISSMap	
3515202	Fiorilli	2.00
3515350	Pronim	
3515400	PadraoNacional	
3515509	PadraoNacional	
3515608	Fiorilli	2.00
3515657	Fiorilli	2.00
3515707	Conam	
3515806	Fiorilli	2.00
3516002	PadraoNacional	
3516101	Fiorilli	2.00
3516200	SilTecnologia	
3516309	PadraoNacional	
3516408	SigCorp	2.04
3516606	PadraoNacional	
3516705	PadraoNacional	
3516853	Betha	
3516903	RLZ	
3517000	Fiorilli	2.00
3517109	PadraoNacional	
3517208	Fiorilli	2.00
3517307	PadraoNacional	
3517406	PadraoNacional	
3517505	PadraoNacional	
3517604	PadraoNacional	
3517703	PadraoNacional	
3517901	Fiorilli	2.00
3518206	Fiorilli	2.00
3518305	Ginfes	
3518404	PadraoNacional	
3518503	GeisWeb	
3518602	ISSIntel	
3518701	Giss	2.04
3518800	Giss	2.04
3518859	Betha	
3518909	Fiorilli	2.00
3519006	SimplISS	
3519055	Giap	
3519071	Giss	2.04
3519105	PadraoNacional	
3519204	PadraoNacional	
3519253	ISSMap	
3519303	Fiorilli	2.00
3519402	PadraoNacional	
3519501	PadraoNacional	
3519600	PadraoNacional	
3519709	PadraoNacional	
3519808	PadraoNacional	
3519907	Fiorilli	2.00
3520004	WebFisco	
3520103	PadraoNacional	
3520202	Sistemas4R	2.00
3520301	PadraoNacional	
3520426	PadraoNacional	
3520442	RLZ	
3520509	PadraoNacional	
3520608	SimplISS	
3520707	Fiorilli	2.00
3520806	Fiorilli	2.00
3520905	PadraoNacional	
3521002	PadraoNacional	
3521101	PadraoNacional	
3521200	PadraoNacional	
3521309	Fiorilli	2.00
3521408	PadraoNacional	
3521507	PadraoNacional	
3521606	PadraoNacional	
3521705	PadraoNacional	
3521804	Fiorilli	2.00
3521903	PadraoNacional	
3522000	Fiorilli	2.00
3522109	PadraoNacional	
3522158	Betha	
3522208	PadraoNacional	
3522307	PadraoNacional	
3522406	Conam	
3522505	SilTecnologia	
3522604	SigISS	
3522653	PadraoNacional	
3522703	PadraoNacional	
3522802	Fiorilli	2.00
3522901	Fiorilli	2.00
3523008	PadraoNacional	
3523107	SilTecnologia	
3523206	PadraoNacional	
3523305	PadraoNacional	
3523404	fintelISS	2.02
3523503	PadraoNacional	
3523602	SigISSWeb	
3523701	PadraoNacional	
3523909	Giss	2.04
3524006	PadraoNacional	
3524105	PriMax	1.01
3524204	PadraoNacional	
3524303	Giss	2.04
3524402	PadraoNacional	
3524501	PadraoNacional	
3524600	PadraoNacional	
3524709	GovDigital	2.00
3524808	RLZ	
3524907	Betha	
3525003	SilTecnologia	
3525102	Giss	2.04
3525201	Pronim	
3525300	PadraoNacional	
3525409	PadraoNacional	
3525508	PadraoNacional	
3525607	PadraoNacional	
3525706	Fiorilli	2.00
3525805	Sam	
3525854	PadraoNacional	
3525904	Giss	2.04
3526001	PadraoNacional	
3526100	PadraoNacional	
3526209	PadraoNacional	
3526308	PadraoNacional	
3526407	PadraoNacional	
3526506	PadraoNacional	
3526605	PadraoNacional	
3526704	SigISSWeb	
3526803	PadraoNacional	
3526902	iiBrasil	2.04
3527009	Fiorilli	2.00
3527108	PadraoNacional	
3527207	PadraoNacional	
3527256	Fiorilli	2.00
3527306	PadraoNacional	
3527405	PadraoNacional	
3527504	PadraoNacional	
3527603	WebFisco	
3527702	Fiorilli	2.00
3527801	PadraoNacional	
3527900	Fiorilli	2.00
3528007	Fiorilli	2.00
3528106	PadraoNacional	
3528205	PadraoNacional	
3528304	PadraoNacional	
3528403	PadraoNacional	
3528502	Conam	
3528601	ISSMap	
3528700	Fiorilli	2.00
3528809	PadraoNacional	
3528858	PadraoNacional	
3528908	PadraoNacional	
3529005	SigISS	
3529104	PadraoNacional	
3529203	Fiorilli	2.00
3529302	PadraoNacional	
3529401	Ginfes	
3529500	PadraoNacional	
3529609	PadraoNacional	
3529708	Fiorilli	2.00
3529807	PadraoNacional	
3529906	PadraoNacional	
3530003	PadraoNacional	
3530102	Fiorilli	2.00
3530201	PadraoNacional	
3530300	Pronim	
3530409	Fiorilli	2.00
3530508	PadraoNacional	
3530607	SilTecnologia	
3530706	PadraoNacional	
3530805	SigCorp	2.04
3530904	PadraoNacional	
3531100	Giss	2.04
3531308	Fiorilli	2.00
3531407	PadraoNacional	
3531506	PadraoNacional	
3531605	PadraoNacional	
3531704	Fiorilli	2.00
3531803	PadraoNacional	
3531902	Fiorilli	2.00
3532009	Fiorilli	2.00
3532058	Fiorilli	1.01
3532108	PadraoNacional	
3532207	Pronim	
3532306	Betha	
3532405	Fiorilli	2.00
3532504	PadraoNacional	
3532603	PadraoNacional	
3532801	Fiorilli	2.00
3532827	Conam	
3532843	Fiorilli	2.00
3532900	PadraoNacional	
3533007	Fiorilli	2.00
3533106	PadraoNacional	
3533205	PadraoNacional	
3533254	PadraoNacional	
3533304	BWSistemas	2.00
3533403	PadraoNacional	
3533502	PadraoNacional	
3533601	Fiorilli	2.00
3533700	Fiorilli	2.00
3533809	PadraoNacional	
3533908	Giss	2.04
3534005	Fiorilli	2.00
3534104	Fiorilli	2.00
3534203	Fiorilli	2.00
3534302	Betha	
3534401	eGoverneISS	
3534609	PadraoNacional	
3534708	fintelISS	2.04
3534757	PadraoNacional	
3534807	Fiorilli	2.00
3534906	PadraoNacional	
3535101	PadraoNacional	
3535200	PadraoNacional	
3535309	Pronim	
3535408	PadraoNacional	
3535507	PadraoNacional	
3535606	PadraoNacional	
3535705	Fiorilli	2.00
3535804	Pronim	
3536000	PadraoNacional	
3536109	GeisWeb	1.01
3536208	PadraoNacional	
3536257	Fiorilli	2.00
3536406	PadraoNacional	
3536505	Giss	2.04
3536570	PadraoNacional	
3536703	PadraoNacional	
3536802	Pronim	
3536901	PadraoNacional	
3537008	PadraoNacional	
3537107	Fiorilli	
3537156	Fiorilli	2.00
3537206	PadraoNacional	
3537305	PadraoNacional	
3537404	RLZ	
3537503	PadraoNacional	
3537602	PadraoNacional	
3537800	Ginfes	
3537909	PadraoNacional	
3538006	PadraoNacional	
3538105	Pronim	
3538204	GovDigital	2.00
3538303	Fiorilli	2.00
3538600	PadraoNacional	
3538709	PadraoNacional	
3538808	ISSMap	
3538907	PadraoNacional	
3539004	Fiorilli	2.00
3539103	SimplISS	
3539202	PadraoNacional	
3539301	PadraoNacional	
3539400	Fiorilli	2.00
3539509	PadraoNacional	
3539707	Pronim	
3539806	Conam	
3539905	Fiorilli	2.00
3540002	PadraoNacional	
3540101	Fiorilli	2.00
3540200	PadraoNacional	
3540259	Fiorilli	2.00
3540309	PadraoNacional	
3540507	Sam	
3540606	Pronim	
3540705	Conam	
3540754	PadraoNacional	
3540804	Fiorilli	2.00
3540853	PadraoNacional	
3540903	Fiorilli	2.00
3541000	Giss	2.04
3541059	PadraoNacional	
3541109	Fiorilli	2.00
3541208	SimplISS	
3541307	Pronim	
3541406	SimplISS	
3541505	PadraoNacional	
3541604	PadraoNacional	
3541653	PadraoNacional	
3541703	Fiorilli	2.00
3541802	Fiorilli	2.00
3541901	PadraoNacional	
3542008	Fiorilli	2.00
3542107	PadraoNacional	
3542206	PadraoNacional	
3542305	PadraoNacional	
3542404	Pronim	
3542503	Fiorilli	2.00
3542602	Giss	2.04
3542701	PadraoNacional	
3542909	PadraoNacional	
3543006	PadraoNacional	
3543105	Fiorilli	2.00
3543204	ISSMap	
3543238	Fiorilli	2.00
3543253	PadraoNacional	
3543303	Giss	2.04
3543402	ISSNet	
3543501	PadraoNacional	
3543600	PadraoNacional	
3543709	Betha	
3543808	PadraoNacional	
3543907	Giss	2.04
3544004	PadraoNacional	
3544202	PadraoNacional	
3544251	Fiorilli	2.00
3544301	PadraoNacional	
3544400	PadraoNacional	
3544509	PadraoNacional	
3544608	Fiorilli	2.00
3544707	PadraoNacional	
3544806	PadraoNacional	
3544905	PadraoNacional	
3545001	PadraoNacional	
3545100	Sistemas4R	2.00
3545159	PadraoNacional	
3545209	PadraoNacional	
3545308	PadraoNacional	
3545407	PadraoNacional	
3545506	Pronim	
3545605	PadraoNacional	
3545803	SigISSWeb	
3546009	PadraoNacional	
3546108	Fiorilli	2.00
3546207	PadraoNacional	
3546306	AssessorPublico	
3546405	SimplISS	
3546504	PadraoNacional	
3546603	Betha	
3546702	SigISSWeb	
3546801	PadraoNacional	
3546900	Fiorilli	2.00
3547007	PadraoNacional	
3547106	PadraoNacional	
3547205	Fiorilli	2.00
3547304	SimplISS	
3547502	Fiorilli	2.00
3547601	PadraoNacional	
3547650	Fiorilli	2.00
3547700	Fiorilli	2.00
3547809	Giss	2.04
3547908	PadraoNacional	
3548005	Fiorilli	2.00
3548054	PadraoNacional	
3548104	SimplISS	
3548203	PadraoNacional	
3548302	Fiorilli	2.00
3548401	PadraoNacional	
3548500	Giss	2.04
3548609	Fiorilli	2.00
3548708	Ginfes	
3548807	Giss	2.04
3548906	PadraoNacional	
3549003	PadraoNacional	
3549102	PadraoNacional	
3549201	Fiorilli	2.00
3549300	Fiorilli	2.00
3549409	Fiorilli	2.00
3549508	PadraoNacional	
3549607	Betha	
3549706	IPM	2.04
3549805	Giss	2.04
3549904	DSF	2.03
3549953	PadraoNacional	
3550001	PadraoNacional	
3550100	PadraoNacional	
3550209	PadraoNacional	
3550308	ISSSaoPaulo	***
3550407	Pronim	
3550506	PadraoNacional	
3550605	Pronim	
3550704	iiBrasil	2.04
3550803	Pronim	
3550902	PadraoNacional	
3551009	ISSNet	
3551108	PadraoNacional	
3551207	ISSMap	
3551306	PadraoNacional	
3551405	Fiorilli	2.00
3551504	PriMax	
3551603	PadraoNacional	
3551702	PadraoNacional	
3551801	PadraoNacional	
3551900	Fiorilli	2.00
3552007	PadraoNacional	
3552106	PadraoNacional	
3552205	DSF	2.03
3552304	Fiorilli	2.00
3552403	SigISSWeb	
3552502	Giss	2.04
3552551	Facundo	
3552601	PadraoNacional	
3552700	PadraoNacional	
3552809	Conam	
3552908	SimplISS	
3553005	PadraoNacional	
3553104	Pronim	
3553203	Fiorilli	2.00
3553302	PadraoNacional	
3553500	PadraoNacional	
3553609	PadraoNacional	
3553658	Betha	
3553708	PadraoNacional	
3553807	PadraoNacional	
3553856	PadraoNacional	
3553955	PadraoNacional	
3554003	PadraoNacional	
3554102	PadraoNacional	
3554201	PadraoNacional	
3554300	Pronim	
3554409	Betha	
3554508	GeisWeb	1.01
3554607	ISSMap	
3554656	PadraoNacional	
3554706	PadraoNacional	
3554755	Fiorilli	2.00
3554805	SigISS	1.01
3554953	Pronim	
3555000	SimplISS	
3555109	PadraoNacional	
3555356	PadraoNacional	
3555406	PadraoNacional	
3555505	PadraoNacional	
3555604	PadraoNacional	
3555802	Fiorilli	2.00
3556008	Fiorilli	2.00
3556107	PadraoNacional	
3556206	SigISSWeb	
3556305	PadraoNacional	
3556354	PadraoNacional	
3556404	SimplISS	
3556453	GovDigital	2.01
3556503	GovDigital	2.01
3556602	Fiorilli	2.00
3556701	Intertec	
3556800	Fiorilli	2.00
3556909	Fiorilli	2.00
3557006	PadraoNacional	
3557105	PadraoNacional	
3557154	Fiorilli	2.00
3557204	ISSMap	
3557303	Pronim	
4100202	PadraoNacional	
4100301	Betha	
4100400	Betha	
4100459	PadraoNacional	
4100509	PadraoNacional	
4100608	PadraoNacional	
4100707	EloTech	2.03
4100806	Equiplano	
4100905	EloTech	2.03
4101002	PadraoNacional	
4101051	IPM	1.01
4101101	PadraoNacional	
4101150	EloTech	2.03
4101200	PadraoNacional	
4101309	EloTech	2.03
4101408	PadraoNacional	
4101507	IPM	1.01
4101606	IPM	1.01
4101705	EloTech	2.03
4101804	IPM	2.04
4101853	EloTech	2.03
4101903	PadraoNacional	
4102000	Pronim	
4102109	EloTech	2.03
4102208	PadraoNacional	
4102307	PadraoNacional	
4102406	SimplISS	
4102505	EloTech	2.03
4102604	Betha	
4102703	PadraoNacional	
4102752	Publica	
4102802	SimplISS	
4102901	PadraoNacional	
4103008	EloTech	2.03
4103024	PadraoNacional	
4103057	PadraoNacional	
4103107	PadraoNacional	
4103156	Betha	
4103206	PadraoNacional	
4103222	Pronim	
4103305	EloTech	2.03
4103354	PadraoNacional	
4103370	PadraoNacional	
4103404	SysISS	2.02
4103453	Equiplano	
4103479	EloTech	2.03
4103503	EloTech	2.03
4103602	EloTech	2.03
4103701	PadraoNacional	
4103800	EloTech	2.03
4103909	PadraoNacional	
4103958	PadraoNacional	
4104006	EloTech	2.03
4104055	Pronim	
4104204	PadraoNacional	
4104253	Betha	
4104303	IPM	1.01
4104428	Equiplano	
4104451	Equiplano	
4104501	PadraoNacional	
4104600	Betha	
4104659	IPM	1.01
4104709	EloTech	2.03
4104808	IPM	1.01
4104907	IPM	1.01
4105003	Pronim	
4105102	PadraoNacional	
4105201	PadraoNacional	
4105300	PadraoNacional	
4105409	Pronim	
4105508	PadraoNacional	
4105607	Pronim	
4105706	IPM	2.04
4105805	PadraoNacional	
4105904	PadraoNacional	
4106209	EloTech	2.03
4106308	IPM	1.01
4106407	Betha	
4106506	Pronim	
4106555	EloTech	2.03
4106605	EloTech	2.03
4106704	EloTech	2.03
4106803	PadraoNacional	
4106852	EloTech	2.03
4106902	PadraoNacional	
4107009	Equiplano	
4107108	PadraoNacional	
4107157	EloTech	2.03
4107207	Equiplano	
4107256	PadraoNacional	
4107306	PadraoNacional	
4107405	PadraoNacional	
4107504	PadraoNacional	
4107520	EloTech	2.03
4107538	PadraoNacional	
4107553	EloTech	2.03
4107603	EloTech	2.03
4107652	Betha	
4107702	PadraoNacional	
4107736	Equiplano	
4107751	Betha	
4107801	Betha	
4107850	PadraoNacional	
4107900	PadraoNacional	
4108007	PadraoNacional	
4108106	EloTech	2.03
4108205	Pronim	
4108304	GestaoISS	2.02
4108320	EloTech	2.03
4108403	Equiplano	
4108502	Betha	
4108551	EloTech	2.03
4108601	Betha	
4108650	PadraoNacional	
4108700	PadraoNacional	
4108809	IPM	1.01
4108957	PadraoNacional	
4109005	Pronim	
4109203	PadraoNacional	
4109302	IPM	1.01
4109401	IPM	1.01
4109500	EloTech	2.03
4109609	PadraoNacional	
4109658	IPM	2.04
4109757	EloTech	2.03
4109807	EloTech	2.03
4109906	EloTech	2.03
4110003	PadraoNacional	
4110078	EloTech	2.03
4110201	Equiplano	
4110300	PadraoNacional	
4110508	PadraoNacional	
4110607	Pronim	
4110656	Betha	
4110706	PadraoNacional	
4110805	PadraoNacional	
4110904	PadraoNacional	
4110953	PadraoNacional	
4111001	EloTech	2.03
4111100	PadraoNacional	
4111209	Pronim	
4111258	Equiplano	
4111407	EloTech	2.03
4111506	EloTech	2.03
4111555	EloTech	2.03
4111605	PadraoNacional	
4111704	PadraoNacional	
4111803	Pronim	
4111902	EloTech	2.03
4112009	PadraoNacional	
4112108	EloTech	2.03
4112207	PadraoNacional	
4112504	EloTech	2.03
4112603	PadraoNacional	
4112702	PadraoNacional	
4112751	Pronim	
4112900	PadraoNacional	
4112959	Betha	
4113007	PadraoNacional	
4113106	EloTech	2.03
4113205	IPM	1.01
4113304	Equiplano	
4113429	EloTech	2.03
4113452	Publica	
4113502	EloTech	2.03
4113601	PadraoNacional	
4113700	PadraoNacional	
4113734	PadraoNacional	
4113759	EloTech	2.03
4113809	SysISS	2.02
4113908	Betha	
4114005	IPM	1.01
4114104	Betha	
4114203	PadraoNacional	
4114302	PadraoNacional	
4114351	PadraoNacional	
4114401	PadraoNacional	
4114609	PadraoNacional	
4114708	EloTech	2.03
4114807	EloTech	2.03
4114906	PadraoNacional	
4115002	PadraoNacional	
4115101	PadraoNacional	
4115200	PadraoNacional	
4115309	Pronim	
4115408	PadraoNacional	
4115457	PadraoNacional	
4115705	IPM	1.01
4115739	EloTech	2.03
4115754	EloTech	2.03
4115804	EloTech	2.03
4115853	PadraoNacional	
4116109	PadraoNacional	
4116208	EloTech	2.03
4116307	PadraoNacional	
4116406	EloTech	2.03
4116604	Betha	
4116703	Betha	
4116802	PadraoNacional	
4116901	EloTech	2.03
4116950	Pronim	
4117008	Betha	
4117107	EloTech	2.03
4117206	PadraoNacional	
4117214	Betha	
4117222	IPM	1.01
4117255	PadraoNacional	
4117271	PadraoNacional	
4117297	EloTech	2.03
4117305	PadraoNacional	
4117404	Betha	
4117453	IPM	1.01
4117503	PadraoNacional	
4117602	Betha	
4117701	EloTech	2.03
4117909	PadraoNacional	
4118006	IPM	1.01
4118105	Betha	
4118204	IPM	1.01
4118303	PadraoNacional	
4118402	IPM	1.01
4118451	IPM	2.04
4118501	Pronim	
4118600	Betha	
4118709	Betha	
4118808	PadraoNacional	
4118857	EloTech	2.03
4118907	Pronim	
4119004	Publica	
4119152	PadraoNacional	
4119202	PadraoNacional	
4119251	PadraoNacional	
4119301	PadraoNacional	
4119400	PadraoNacional	
4119509	EloTech	2.03
4119608	EloTech	2.03
4119657	Betha	
4119707	PadraoNacional	
4119806	Equiplano	
4119905	EloTech	2.03
4119954	PadraoNacional	
4120002	SimplISS	
4120150	Equiplano	
4120200	EloTech	2.03
4120309	Betha	
4120333	SysISS	2.02
4120507	EloTech	2.03
4120606	Equiplano	
4120655	EloTech	2.03
4120705	PadraoNacional	
4120804	EloTech	2.03
4120853	PadraoNacional	
4120903	Equiplano	
4121000	PadraoNacional	
4121109	PadraoNacional	
4121208	Equiplano	
4121257	PadraoNacional	
4121307	SysISS	2.02
4121356	Pronim	
4121406	Equiplano	
4121505	EloTech	2.03
4121604	EloTech	2.03
4121703	Equiplano	
4121752	PadraoNacional	
4121802	PadraoNacional	
4122008	Equiplano	
4122107	Pronim	
4122156	Equiplano	
4122172	PadraoNacional	
4122206	IPM	1.01
4122305	IPM	1.01
4122404	Pronim	
4122503	EloTech	2.03
4122602	SysISS	2.02
4122651	PadraoNacional	
4122701	PadraoNacional	
4122800	Betha	
4122909	Betha	
4123303	EloTech	2.03
4123402	EloTech	2.03
4123501	IPM	1.01
4123600	PadraoNacional	
4123709	PadraoNacional	
4123808	IPM	1.01
4123824	PadraoNacional	
4123956	PadraoNacional	
4124004	Betha	
4124020	EloTech	2.03
4124053	Pronim	
4124103	IPM	1.01
4124202	Betha	
4124301	PadraoNacional	
4124400	Equiplano	
4124608	PadraoNacional	
4124806	Equiplano	
4124905	EloTech	2.03
4125001	PadraoNacional	
4125100	Betha	
4125209	Equiplano	
4125308	PadraoNacional	
4125357	EloTech	2.03
4125407	PadraoNacional	
4125456	PadraoNacional	
4125506	PadraoNacional	
4125605	EloTech	2.03
4125704	PadraoNacional	
4125753	PadraoNacional	
4125803	Pronim	
4125902	EloTech	2.03
4126009	PadraoNacional	
4126207	PadraoNacional	
4126256	EloTech	2.03
4126306	Equiplano	
4126355	PadraoNacional	
4126405	Betha	
4126504	EloTech	2.03
4126603	PadraoNacional	
4126652	Pronim	
4126678	PadraoNacional	
4126702	EloTech	2.03
4126801	PadraoNacional	
4126900	PadraoNacional	
4127007	PadraoNacional	
4127106	IPM	1.01
4127205	EloTech	2.03
4127403	IPM	1.01
4127502	EloTech	2.03
4127601	PadraoNacional	
4127700	Equiplano	
4127809	PadraoNacional	
4127858	Pronim	
4127882	EloTech	2.03
4127957	IPM	1.01
4127965	Equiplano	
4128005	EloTech	2.03
4128104	Giss	2.04
4128203	PadraoNacional	
4128500	PadraoNacional	
4128559	PadraoNacional	
4128625	Pronim	
4128633	EloTech	2.03
4128658	Equiplano	
4128708	PadraoNacional	
4128807	Pronim	
4200051	PadraoNacional	
4200101	PadraoNacional	
4200200	IPM	1.01
4200309	Publica	
4200408	PadraoNacional	
4200507	PadraoNacional	
4200556	IPM	2.04
4200606	PadraoNacional	
4200705	PadraoNacional	
4200754	Betha	
4200804	PadraoNacional	
4200903	Betha	
4201000	Betha	
4201109	PadraoNacional	
4201208	Betha	
4201257	IPM	1.01
4201273	Betha	
4201307	IPM	1.01
4201406	IPM	1.01
4201505	PadraoNacional	
4201604	PadraoNacional	
4201653	PadraoNacional	
4201703	IPM	1.01
4201802	Betha	
4201901	IPM	1.01
4201950	PadraoNacional	
4202008	PadraoNacional	
4202057	IPM	1.01
4202073	PadraoNacional	
4202081	PadraoNacional	
4202099	IPM	1.01
4202107	IPM	1.01
4202131	Betha	
4202156	PadraoNacional	
4202206	IPM	1.01
4202305	IPM	2.04
4202404	PadraoNacional	
4202438	IPM	1.01
4202453	IPM	1.01
4202503	PadraoNacional	
4202537	PadraoNacional	
4202578	Pronim	
4202602	IPM	1.01
4202701	PadraoNacional	
4202800	PadraoNacional	
4202859	Betha	
4202875	PadraoNacional	
4202909	PadraoNacional	
4203006	PadraoNacional	
4203105	PadraoNacional	
4203154	Publica	
4203204	IPM	2.04
4203253	PadraoNacional	
4203303	Betha	
4203402	PadraoNacional	
4203501	PadraoNacional	
4203600	PadraoNacional	
4203709	Betha	
4203808	IPM	2.04
4203907	PadraoNacional	
4203956	PadraoNacional	
4204004	Publica	
4204103	IPM	1.01
4204152	Betha	
4204178	PadraoNacional	
4204194	PadraoNacional	
4204202	PadraoNacional	
4204251	PadraoNacional	
4204301	IPM	1.01
4204350	PadraoNacional	
4204400	PadraoNacional	
4204459	PadraoNacional	
4204509	IPM	1.01
4204558	Saatri	2.03
4204608	PadraoNacional	
4204707	IPM	2.04
4204756	PadraoNacional	
4204806	Betha	
4204905	PadraoNacional	
4205001	PadraoNacional	
4205100	Betha	
4205175	Betha	
4205191	Betha	
4205209	PadraoNacional	
4205308	Betha	
4205357	PadraoNacional	
4205407	PadraoNacional	
4205431	Betha	
4205456	PadraoNacional	
4205506	IPM	1.01
4205555	Betha	
4205605	PadraoNacional	
4205704	IPM	1.01
4205803	IPM	1.01
4205902	PadraoNacional	
4206009	PadraoNacional	
4206108	PadraoNacional	
4206207	PadraoNacional	
4206306	PadraoNacional	
4206405	PadraoNacional	
4206504	IPM	1.01
4206603	PadraoNacional	
4206652	IPM	2.04
4206702	Betha	
4206751	Betha	
4206801	Betha	
4206900	Betha	
4207007	PadraoNacional	
4207106	PadraoNacional	
4207205	Betha	
4207304	PadraoNacional	
4207403	Betha	
4207502	IPM	1.01
4207577	Betha	
4207601	PadraoNacional	
4207650	PadraoNacional	
4207684	PadraoNacional	
4207700	PadraoNacional	
4207759	PadraoNacional	
4207809	Publica	
4207858	PadraoNacional	
4207908	PadraoNacional	
4208005	PadraoNacional	
4208104	PadraoNacional	
4208203	PadraoNacional	
4208302	PadraoNacional	
4208401	PadraoNacional	
4208450	IPM	1.01
4208500	IPM	1.01
4208609	Betha	
4208708	IPM	1.01
4208807	IPM	1.01
4208906	PadraoNacional	
4208955	PadraoNacional	
4209003	PadraoNacional	
4209102	PadraoNacional	
4209151	IPM	1.01
4209177	PadraoNacional	
4209201	IPM	2.04
4209300	Betha	
4209409	PadraoNacional	
4209458	Betha	
4209508	IPM	1.01
4209607	PadraoNacional	
4209706	PadraoNacional	
4209805	Betha	
4209854	PadraoNacional	
4209904	IPM	1.01
4210001	IPM	1.01
4210035	Betha	
4210050	PadraoNacional	
4210100	Publica	
4210209	Betha	
4210308	Betha	
4210407	PadraoNacional	
4210506	PadraoNacional	
4210555	Betha	
4210605	IPM	1.01
4210704	Betha	
4210803	PadraoNacional	
4210852	IPM	1.01
4210902	IPM	1.01
4211009	PadraoNacional	
4211058	Betha	
4211108	PadraoNacional	
4211207	IPM	1.01
4211256	PadraoNacional	
4211306	IPM	2.04
4211405	IPM	1.01
4211454	PadraoNacional	
4211504	Betha	
4211603	PadraoNacional	
4211652	PadraoNacional	
4211702	PadraoNacional	
4211751	Betha	
4211801	IPM	1.01
4211876	PadraoNacional	
4211892	Betha	
4211900	IPM	1.01
4212007	PadraoNacional	
4212056	PadraoNacional	
4212106	PadraoNacional	
4212205	Betha	
4212239	IPM	1.01
4212254	PadraoNacional	
4212270	Betha	
4212304	Betha	
4212403	Betha	
4212502	IPM	
4212601	Betha	
4212650	PadraoNacional	
4212700	Betha	
4212809	IPM	1.01
4212908	IPM	1.01
4213005	Publica	
4213104	Betha	
4213153	IPM	1.01
4213203	IPM	1.01
4213302	Betha	
4213351	Betha	
4213401	PadraoNacional	
4213500	IPM	1.01
4213609	Betha	
4213708	Betha	
4213807	IPM	1.01
4213906	PadraoNacional	
4214003	IPM	
4214102	IPM	1.01
4214151	PadraoNacional	
4214201	PadraoNacional	
4214300	Betha	
4214409	IPM	1.01
4214508	IPM	
4214607	IPM	1.01
4214706	IPM	1.01
4214805	IPM	1.01
4214904	Betha	
4215000	IPM	1.01
4215059	PadraoNacional	
4215075	IPM	2.04
4215208	PadraoNacional	
4215307	IPM	1.01
4215356	PadraoNacional	
4215406	PadraoNacional	
4215455	PadraoNacional	
4215505	Betha	
4215554	PadraoNacional	
4215604	IPM	2.04
4215653	IPM	1.01
4215679	Betha	
4215687	PadraoNacional	
4215695	PadraoNacional	
4215703	Betha	
4215752	PadraoNacional	
4215802	IPM	1.01
4215901	Betha	
4216008	IPM	1.01
4216057	CIGA	
4216107	PadraoNacional	
4216206	IPM	1.01
4216255	PadraoNacional	
4216305	PadraoNacional	
4216354	IPM	1.01
4216404	IPM	2.04
4216503	Betha	
4216602	IPM	1.01
4216701	IPM	1.01
4216800	PadraoNacional	
4216909	PadraoNacional	
4217006	PadraoNacional	
4217105	PadraoNacional	
4217154	PadraoNacional	
4217204	PadraoNacional	
4217253	PadraoNacional	
4217303	IPM	2.04
4217402	Betha	
4217501	IPM	1.01
4217550	IPM	1.01
4217600	PadraoNacional	
4217709	PadraoNacional	
4217758	PadraoNacional	
4217808	IPM	1.01
4217907	PadraoNacional	
4217956	PadraoNacional	
4218004	IPM	1.01
4218202	IPM	1.01
4218251	PadraoNacional	
4218301	IPM	1.01
4218350	IPM	1.01
4218400	PadraoNacional	
4218509	IPM	1.01
4218608	Betha	
4218707	PadraoNacional	
4218756	PadraoNacional	
4218806	PadraoNacional	
4218855	PadraoNacional	
4218905	Betha	
4218954	PadraoNacional	
4219002	PadraoNacional	
4219101	Betha	
4219150	PadraoNacional	
4219176	Betha	
4219200	Betha	
4219309	IPM	1.01
4219358	IPM	
4219408	IPM	
4219507	PadraoNacional	
4219606	PadraoNacional	
4219705	Betha	
4219853	IPM	1.01
4220000	Betha	
4300034	IPM	1.01
4300059	PadraoNacional	
4300109	Pronim	
4300208	Pronim	
4300406	Pronim	
4300471	Citta	
4300505	Digifred	
4300554	Digifred	
4300570	PadraoNacional	
4300604	IPM	1.01
4300646	Betha	
4300661	Citta	
4300703	PadraoNacional	
4300802	PadraoNacional	
4300877	Tecnos	2.01
4300901	PadraoNacional	
4301008	Tecnos	2.01
4301057	Pronim	
4301073	PadraoNacional	
4301107	PadraoNacional	
4301206	Betha	
4301305	Pronim	
4301404	Pronim	
4301503	Pronim	
4301552	PadraoNacional	
4301602	WebISS	2.02
4301636	PadraoNacional	
4301651	IPM	2.04
4301701	PadraoNacional	
4301750	PadraoNacional	
4301859	IPM	1.01
4301909	Pronim	
4301925	PadraoNacional	
4301958	PadraoNacional	
4302006	Pronim	
4302055	PadraoNacional	
4302105	PadraoNacional	
4302154	PadraoNacional	
4302204	ABase	
4302220	Betha	
4302238	PadraoNacional	
4302253	PadraoNacional	
4302303	PadraoNacional	
4302352	Tecnos	2.01
4302378	PadraoNacional	
4302402	Tecnos	2.01
4302451	PadraoNacional	
4302501	PadraoNacional	
4302584	Pronim	
4302600	ABase	
4302659	PadraoNacional	
4302709	PadraoNacional	
4302808	PadraoNacional	
4302907	ABase	
4303004	Pronim	
4303103	IPM	1.01
4303202	PadraoNacional	
4303301	ABase	
4303400	IPM	1.01
4303509	IPM	2.04
4303558	Citta	
4303608	Pronim	
4303673	DataSmart	2.02
4303707	Pronim	
4303806	PadraoNacional	
4303905	Infisc	
4304002	IPM	1.01
4304101	Digifred	
4304200	PadraoNacional	
4304309	Pronim	
4304358	Betha	
4304408	PadraoNacional	
4304507	Pronim	
4304606	Infisc	
4304614	PadraoNacional	
4304622	PadraoNacional	
4304630	PadraoNacional	
4304655	ABase	
4304671	PadraoNacional	
4304689	DBSeller	
4304697	PadraoNacional	
4304705	IPM	2.04
4304713	PadraoNacional	
4304804	Infisc	
4304853	PadraoNacional	
4304903	Citta	
4304952	Citta	
4305009	Pronim	
4305108	Infisc	
4305116	PadraoNacional	
4305124	PadraoNacional	
4305132	Pronim	
4305157	PadraoNacional	
4305173	Betha	
4305207	PadraoNacional	
4305306	PadraoNacional	
4305355	DBSeller	
4305371	PadraoNacional	
4305405	PadraoNacional	
4305439	Pronim	
4305447	ABase	
4305454	PadraoNacional	
4305504	DataSmart	2.02
4305587	PadraoNacional	
4305603	Citta	
4305702	SafeWeb	2.00
4305801	PadraoNacional	
4305835	Tecnos	2.01
4305850	PadraoNacional	
4305871	Pronim	
4305900	PadraoNacional	
4305934	Tecnos	2.01
4305959	Tecnos	2.01
4305975	PadraoNacional	
4306007	Betha	
4306056	Pronim	
4306072	IPM	
4306106	ISSNet	
4306130	PadraoNacional	
4306205	PadraoNacional	
4306304	Citta	
4306320	PadraoNacional	
4306353	ABase	
4306379	PadraoNacional	
4306403	IPM	1.01
4306429	PadraoNacional	
4306452	Tecnos	2.01
4306502	PadraoNacional	
4306551	PadraoNacional	
4306601	Pronim	
4306734	ABase	
4306759	PadraoNacional	
4306767	Pronim	
4306809	PadraoNacional	
4306908	Pronim	
4306924	PadraoNacional	
4306932	Pronim	
4306957	PadraoNacional	
4306973	PadraoNacional	
4307005	PadraoNacional	
4307054	PadraoNacional	
4307104	PadraoNacional	
4307302	Betha	
4307450	Abase	
4307500	PadraoNacional	
4307559	PadraoNacional	
4307609	IPM	2.04
4307708	PadraoNacional	
4307807	PadraoNacional	
4307815	Betha	
4307831	Pronim	
4307864	Pronim	
4307906	Infisc	
4308003	Pronim	
4308052	DataSmart	2.02
4308078	PadraoNacional	
4308102	PadraoNacional	
4308201	PadraoNacional	
4308250	PadraoNacional	
4308300	Betha	
4308409	Pronim	
4308433	PadraoNacional	
4308458	Digifred	
4308508	PadraoNacional	
4308607	Infisc	
4308656	Pronim	
4308706	PadraoNacional	
4308805	Pronim	
4308854	Citta	
4308904	Pronim	
4309001	ABase	
4309050	Pronim	
4309100	IPM	2.04
4309126	PadraoNacional	
4309159	IPM	
4309209	IPM	1.01
4309258	Citta	
4309308	IPM	1.01
4309407	PadraoNacional	
4309506	Pronim	
4309555	Tecnos	2.01
4309571	PadraoNacional	
4309605	IPM	1.01
4309654	Pronim	
4309704	Betha	
4309753	PadraoNacional	
4309803	PadraoNacional	
4309902	PadraoNacional	
4309951	PadraoNacional	
4310009	Digifred	
4310108	PadraoNacional	
4310207	Pronim	
4310306	PadraoNacional	
4310330	PadraoNacional	
4310363	PadraoNacional	
4310405	ABase	
4310413	IPM	1.01
4310439	Pronim	
4310462	PadraoNacional	
4310504	PadraoNacional	
4310538	PadraoNacional	
4310553	ABase	
4310579	Citta	
4310603	PadraoNacional	
4310652	PadraoNacional	
4310751	PadraoNacional	
4310801	Tecnos	2.01
4310850	Betha	
4310876	Pronim	
4310900	PadraoNacional	
4311007	Pronim	
4311106	Betha	
4311122	PadraoNacional	
4311130	Betha	
4311205	Pronim	
4311239	PadraoNacional	
4311270	Pronim	
4311304	IPM	1.01
4311403	PadraoNacional	
4311429	PadraoNacional	
4311502	PadraoNacional	
4311601	IPM	1.01
4311627	Tecnos	2.01
4311643	Citta	
4311700	Pronim	
4311718	IPM	
4311734	PadraoNacional	
4311759	Pronim	
4311775	PadraoNacional	
4311791	Tecnos	2.01
4311809	PadraoNacional	
4311908	PadraoNacional	
4311981	PadraoNacional	
4312005	Pronim	
4312054	PadraoNacional	
4312104	Betha	
4312138	PadraoNacional	
4312153	Tecnos	2.01
4312179	ABase	
4312203	PadraoNacional	
4312252	Pronim	
4312302	Betha	
4312377	PadraoNacional	
4312385	Tecnos	2.01
4312401	PadraoNacional	
4312427	PadraoNacional	
4312443	PadraoNacional	
4312450	PadraoNacional	
4312476	Pronim	
4312500	PadraoNacional	
4312609	PadraoNacional	
4312617	Fiorilli	2.00
4312658	PadraoNacional	
4312674	Citta	
4312708	PadraoNacional	
4312757	Citta	
4312807	Citta	
4312906	PadraoNacional	
4312955	PadraoNacional	
4313003	PadraoNacional	
4313011	PadraoNacional	
4313037	Betha	
4313060	Tecnos	2.01
4313086	Tecnos	2.01
4313102	Pronim	
4313201	PadraoNacional	
4313300	PadraoNacional	
4313359	Pronim	
4313375	IPM	1.01
4313391	Pronim	
4313409	IPM	2.04
4313425	ABase	
4313441	PadraoNacional	
4313466	Pronim	
4313490	PadraoNacional	
4313508	IPM	1.01
4313656	Pronim	
4313706	IPM	1.01
4313805	IPM	1.01
4313904	IPM	1.01
4313953	Pronim	
4314001	PadraoNacional	
4314027	PadraoNacional	
4314035	Tecnos	2.01
4314050	PadraoNacional	
4314076	PadraoNacional	
4314100	PadraoNacional	
4314134	PadraoNacional	
4314159	Tecnos	2.01
4314175	Pronim	
4314209	Pronim	
4314308	Pronim	
4314407	PadraoNacional	
4314423	Pronim	
4314456	Digifred	
4314464	PadraoNacional	
4314472	PadraoNacional	
4314498	PadraoNacional	
4314506	Pronim	
4314548	PadraoNacional	
4314555	ABase	
4314605	PadraoNacional	
4314704	Digifred	
4314753	PadraoNacional	
4314779	PadraoNacional	
4314787	PadraoNacional	
4314803	Tecnos	2.01
4314902	PadraoNacional	
4315008	PadraoNacional	
4315057	ABase	
4315073	ABase	
4315107	ABase	
4315131	Tecnos	2.01
4315149	PadraoNacional	
4315156	PadraoNacional	
4315172	Citta	
4315206	Pronim	
4315305	Pronim	
4315313	PadraoNacional	
4315354	Pronim	
4315404	ABase	
4315453	PadraoNacional	
4315503	Pronim	
4315552	PadraoNacional	
4315602	SigISS	1.01
4315701	Pronim	
4315750	Tecnos	2.01
4315800	PadraoNacional	
4315909	Digifred	
4315958	ABase	
4316006	ABase	
4316105	Digifred	
4316204	PadraoNacional	
4316303	ABase	
4316402	Pronim	
4316428	Digifred	
4316436	PadraoNacional	
4316451	PadraoNacional	
4316477	PadraoNacional	
4316501	Tecnos	2.01
4316600	DataSmart	2.02
4316709	ABase	
4316733	DataSmart	2.02
4316758	PadraoNacional	
4316808	PadraoNacional	
4316907	ISSNet	
4316956	Tecnos	2.01
4316972	PadraoNacional	
4317004	Pronim	
4317103	PadraoNacional	
4317202	IPM	1.01
4317251	Tecnos	2.01
4317301	PadraoNacional	
4317400	Infisc	
4317509	ABase	
4317558	Citta	
4317608	PadraoNacional	
4317707	ABase	
4317756	PadraoNacional	
4317806	IPM	1.01
4317905	ABase	
4318002	Infisc	
4318051	Citta	
4318101	Pronim	
4318200	PadraoNacional	
4318309	Pronim	
4318408	Betha	
4318424	Citta	
4318432	IPM	1.01
4318440	Citta	
4318457	PadraoNacional	
4318465	Pronim	
4318481	PadraoNacional	
4318499	ABase	
4318507	Pronim	
4318606	DataSmart	2.02
4318614	Tecnos	2.01
4318622	Betha	
4318705	PadraoNacional	
4318804	Pronim	
4318903	ABase	
4319000	Tecnos	2.01
4319109	ABase	
4319125	Pronim	
4319158	ABase	
4319208	ABase	
4319307	ABase	
4319356	Tecnos	2.01
4319364	PadraoNacional	
4319372	ABase	
4319406	PadraoNacional	
4319505	PadraoNacional	
4319604	IPM	2.04
4319703	PadraoNacional	
4319711	Citta	
4319752	Tecnos	2.01
4319802	Digifred	
4319901	DBSeller	2.04
4320008	Infisc	
4320107	PadraoNacional	
4320206	PadraoNacional	
4320230	IPM	1.01
4320263	Tecnos	2.01
4320305	PadraoNacional	
4320321	IPM	1.01
4320354	Pronim	
4320404	PadraoNacional	
4320453	Tecnos	2.01
4320503	PadraoNacional	
4320552	Betha	
4320578	PadraoNacional	
4320602	Pronim	
4320651	Pronim	
4320677	PadraoNacional	
4320701	IPM	1.01
4320800	PadraoNacional	
4320909	Tecnos	2.01
4321006	Pronim	
4321105	PadraoNacional	
4321204	PadraoNacional	
4321303	PadraoNacional	
4321329	Betha	
4321352	Pronim	
4321402	Betha	
4321436	Tecnos	2.01
4321451	Tecnos	2.01
4321469	Digifred	
4321477	ABase	
4321493	PadraoNacional	
4321501	Betha	
4321600	PadraoNacional	
4321626	PadraoNacional	
4321634	PadraoNacional	
4321667	PadraoNacional	
4321709	Pronim	
4321808	ABase	
4321832	PadraoNacional	
4321907	Betha	
4321956	PadraoNacional	
4322004	Pronim	
4322103	ABase	
4322202	PadraoNacional	
4322251	Tecnos	2.01
4322301	ABase	
4322327	Pronim	
4322343	Pronim	
4322350	Citta	
4322376	PadraoNacional	
4322400	Pronim	
4322509	Pronim	
4322525	PadraoNacional	
4322533	Pronim	
4322541	Tecnos	2.01
4322558	Citta	
4322608	PadraoNacional	
4322707	IPM	1.01
4322806	PadraoNacional	
4322855	PadraoNacional	
4322905	PadraoNacional	
4323002	Pronim	
4323101	PadraoNacional	
4323200	PadraoNacional	
4323309	Tecnos	2.01
4323358	DataSmart	2.02
4323408	Citta	
4323457	Pronim	
4323507	Betha	
4323606	Tecnos	2.01
4323705	Digifred	
4323754	Pronim	
4323770	Tecnos	2.01
4323804	PadraoNacional	
5000203	Fiorilli	2.00
5000252	Fiorilli	2.00
5000609	Fiorilli	2.00
5000708	PadraoNacional	
5000807	PadraoNacional	
5000856	Betha	
5000906	PadraoNacional	
5001003	PadraoNacional	
5001102	Fiorilli	2.00
5001243	Fiorilli	2.00
5001508	PadraoNacional	
5001904	Fiorilli	1.01
5002001	PadraoNacional	
5002100	NEAInformatica	2.00
5002159	PadraoNacional	
5002209	Fiorilli	2.00
5002308	NEAInformatica	2.00
5002407	ISSNet	
5002605	Fiorilli	2.00
5002704	ISSDSF	2.03
5002803	PadraoNacional	
5002902	Fiorilli	2.00
5002951	Fiorilli	1.01
5003108	PadraoNacional	
5003157	Betha	
5003207	Fiorilli	2.00
5003256	Pronim	
5003306	PadraoNacional	
5003454	Betha	
5003488	Fiorilli	2.00
5003702	Betha	
5003751	MegaSoft	2.00
5003801	Betha	
5003900	PadraoNacional	
5004007	Fiorilli	2.00
5004106	Fiorilli	2.00
5004304	ISSNet	
5004403	Fiorilli	2.00
5004502	Fiorilli	2.00
5004601	Betha	
5004700	Fiorilli	2.00
5004809	Fiorilli	2.00
5004908	PadraoNacional	
5005004	Fiorilli	2.00
5005152	Fiorilli	2.00
5005202	PadraoNacional	
5005251	PadraoNacional	
5005400	Betha	
5005608	ISSNet	
5005681	Betha	
5005707	EloTech	2.03
5005806	PadraoNacional	
5006002	ISSNet	
5006200	Betha	
5006259	Betha	
5006275	Fiorilli	2.00
5006309	Fiorilli	2.00
5006358	Fiorilli	2.00
5006408	Fiorilli	2.00
5006606	Fiorilli	1.01
5007109	PadraoNacional	
5007208	Betha	
5007307	PadraoNacional	
5007406	Betha	
5007505	PadraoNacional	
5007554	Betha	
5007695	Fiorilli	2.00
5007703	Fiorilli	2.00
5007802	ISSNet	
5007901	Fiorilli	2.00
5007935	PadraoNacional	
5007950	PadraoNacional	
5007976	Betha	
5008008	PadraoNacional	
5008305	Fiorilli	1.01
5100102	Fiorilli	2.00
5100201	Coplan	
5100250	Coplan	
5100300	Betha	
5100409	Betha	
5100607	Coplan	2.01
5100805	PadraoNacional	
5101001	PadraoNacional	
5101209	Fiorilli	2.00
5101258	PadraoNacional	
5101308	PadraoNacional	
5101407	Agili	
5101704	Coplan	
5101803	Coplan	
5101837	Agili	
5101852	Fiorilli	2.00
5101902	Coplan	
5102504	RLZ	
5102603	Agili	
5102637	Coplan	
5102678	Coplan	
5102686	PadraoNacional	
5102702	Betha	
5102793	PadraoNacional	
5103007	Coplan	2.01
5103056	Coplan	2.01
5103106	Fiorilli	2.00
5103205	Coplan	2.01
5103254	Fiorilli	2.00
5103304	PadraoNacional	
5103353	Coplan	
5103361	Agili	
5103379	Fiorilli	2.00
5103403	ISSNet	
5103437	PadraoNacional	
5103452	Betha	
5103502	Coplan	
5103601	EloTech	2.03
5103700	Coplan	2.01
5103809	PadraoNacional	
5103858	Coplan	2.01
5103908	PadraoNacional	
5103957	PadraoNacional	
5104104	PadraoNacional	
5104203	AssessorPublico	
5104500	PadraoNacional	
5104526	PadraoNacional	
5104542	WebISS	2.02
5104559	FISSLex	
5104609	Betha	
5104807	Fiorilli	2.00
5105002	PadraoNacional	
5105101	Agili	
5105150	Agili	
5105200	Coplan	2.01
5105234	PadraoNacional	
5105259	Betha	
5105309	Fiorilli	2.00
5105507	Betha	
5105606	Coplan	
5105622	PadraoNacional	
5105903	Agili	
5106000	Coplan	
5106109	Fiorilli	2.00
5106182	PadraoNacional	
5106190	PadraoNacional	
5106208	Coplan	2.01
5106216	Fiorilli	2.00
5106224	Coplan	
5106232	FISSLex	
5106240	PadraoNacional	
5106257	PadraoNacional	
5106281	Agili	
5106307	PadraoNacional	
5106315	Betha	
5106372	Fiorilli	2.00
5106422	Coplan	
5106455	Coplan	2.01
5106505	Agili	
5106653	Fiorilli	2.00
5106703	Fiorilli	2.00
5106752	Coplan	
5106778	PadraoNacional	
5106802	Agili	
5106828	PadraoNacional	
5106851	Fiorilli	2.00
5107008	EloTech	2.03
5107040	RLZ	
5107065	Coplan	
5107107	PadraoNacional	
5107156	PadraoNacional	
5107180	Betha	
5107198	Fiorilli	2.00
5107206	PadraoNacional	
5107248	RLZ	
5107297	Fiorilli	2.00
5107305	Coplan	
5107354	Agili	
5107404	PadraoNacional	
5107578	PadraoNacional	
5107602	Agili	
5107701	Coplan	
5107750	PadraoNacional	
5107768	Agili	
5107776	PadraoNacional	
5107792	Coplan	2.01
5107800	FISSLex	
5107859	Centi	2.02
5107875	Betha	
5107883	PadraoNacional	
5107909	Coplan	
5107925	Agili	
5107941	Coplan	2.01
5107958	Centi	2.02
5108006	Coplan	
5108105	PadraoNacional	
5108204	Fiorilli	2.00
5108352	PadraoNacional	
5108402	PadraoNacional	
5108501	Agili	
5108600	Betha	
5108857	Coplan	2.01
5108907	Coplan	2.01
5108956	Agili	
5200050	PadraoNacional	
5200100	PadraoNacional	
5200134	PadraoNacional	
5200159	Centi	2.02
5200209	PadraoNacional	
5200258	PadraoNacional	
5200308	Fiorilli	2.00
5200506	PadraoNacional	
5200555	PadraoNacional	
5200605	PadraoNacional	
5200803	PadraoNacional	
5200829	PadraoNacional	
5200902	PadraoNacional	
5201108	ISSNet	
5201207	MegaSoft	2.00
5201306	PadraoNacional	
5201405	ISSNet	
5201454	Betha	
5201504	Betha	
5201603	PadraoNacional	
5201702	PadraoNacional	
5201801	MegaSoft	2.00
5202353	Sigep	2.00
5202502	PadraoNacional	
5202601	PadraoNacional	
5202809	MegaSoft	2.00
5203104	PadraoNacional	
5203302	PadraoNacional	
5203401	MegaSoft	2.00
5203500	PadraoNacional	
5203559	PadraoNacional	
5203575	PadraoNacional	
5203609	Centi	2.02
5203807	MegaSoft	2.00
5203906	PadraoNacional	
5203939	MegaSoft	2.00
5203962	PadraoNacional	
5204003	Centi	2.02
5204102	Centi	2.02
5204201	PadraoNacional	
5204300	Centi	2.02
5204409	PadraoNacional	
5204508	WebISS	2.02
5204557	MegaSoft	2.00
5204607	Centi	2.02
5204706	PadraoNacional	
5204805	PadraoNacional	
5204904	PadraoNacional	
5205000	Centi	2.02
5205059	PadraoNacional	
5205109	Prodata	2.01
5205208	PadraoNacional	
5205307	PadraoNacional	
5205406	PadraoNacional	
5205455	PadraoNacional	
5205471	PadraoNacional	
5205497	Prodata	2.01
5205513	PadraoNacional	
5205521	PadraoNacional	
5205703	PadraoNacional	
5205802	PadraoNacional	
5205901	PadraoNacional	
5206206	Centi	2.02
5206305	MegaSoft	2.00
5206404	PadraoNacional	
5206503	PadraoNacional	
5206602	PadraoNacional	
5206701	PadraoNacional	
5206800	PadraoNacional	
5206909	MegaSoft	2.00
5207105	PadraoNacional	
5207253	PadraoNacional	
5207352	MegaSoft	2.00
5207402	Centi	2.02
5207501	MegaSoft	2.00
5207535	Centi	2.02
5207600	PadraoNacional	
5207808	PadraoNacional	
5207907	PadraoNacional	
5208004	PadraoNacional	
5208103	MegaSoft	2.00
5208152	PadraoNacional	
5208301	PadraoNacional	
5208400	MegaSoft	2.00
5208509	Sigep	2.00
5208608	Prodata	2.01
5208707	ISSNet	
5208806	Sigep	2.00
5208905	PadraoNacional	
5209101	PadraoNacional	
5209291	Centi	2.02
5209408	Centi	2.02
5209457	MegaSoft	2.00
5209606	Centi	2.02
5209705	PadraoNacional	
5209804	MegaSoft	2.00
5209903	Centi	2.02
5209937	Centi	2.02
5209952	Sigep	2.00
5210000	Sigep	2.00
5210109	PadraoNacional	
5210158	MegaSoft	2.00
5210208	Centi	2.02
5210307	MegaSoft	2.00
5210406	Centi	2.02
5210562	MegaSoft	2.00
5210604	PadraoNacional	
5210802	Betha	
5210901	MegaSoft	2.00
5211008	Centi	2.02
5211206	Centi	2.02
5211305	Betha	
5211404	PadraoNacional	
5211503	Centi	2.02
5211602	MegaSoft	2.00
5211701	Centi	2.02
5211800	PadraoNacional	
5211909	Sigep	2.00
5212006	MegaSoft	2.00
5212055	PadraoNacional	
5212105	Centi	2.02
5212204	PadraoNacional	
5212253	PadraoNacional	
5212303	MegaSoft	2.00
5212501	PadraoNacional	
5212600	MegaSoft	2.00
5212709	Centi	2.02
5212808	MegaSoft	2.00
5212907	PadraoNacional	
5212956	PadraoNacional	
5213004	PadraoNacional	
5213053	MegaSoft	2.00
5213087	PadraoNacional	
5213103	Giss	2.04
5213400	MegaSoft	2.00
5213509	PadraoNacional	
5213707	MegaSoft	2.00
5213756	Fiorilli	1.01
5213772	MegaSoft	2.00
5213806	Prodata	2.01
5213855	MegaSoft	2.00
5213905	MegaSoft	2.00
5214002	Centi	2.02
5214051	Centi	2.02
5214101	PadraoNacional	
5214408	PadraoNacional	
5214507	PadraoNacional	
5214606	Prodata	2.01
5214705	MegaSoft	2.00
5214804	PadraoNacional	
5214838	PadraoNacional	
5214861	MegaSoft	2.00
5214879	PadraoNacional	
5214903	PadraoNacional	
5215009	PadraoNacional	
5215207	PadraoNacional	
5215231	MegaSoft	2.00
5215256	MegaSoft	2.00
5215306	Sigep	2.00
5215405	MegaSoft	2.00
5215504	PadraoNacional	
5215603	PadraoNacional	
5215652	MegaSoft	2.00
5215702	Fiorilli	2.00
5215801	MegaSoft	2.00
5215900	PadraoNacional	
5216304	Betha	
5216403	PadraoNacional	
5216452	PadraoNacional	
5216809	PadraoNacional	
5217104	Centi	2.02
5217203	PadraoNacional	
5217302	Prodata	2.01
5217401	Centi	2.02
5217609	PadraoNacional	
5217708	MegaSoft	2.00
5218003	Centi	2.02
5218052	PadraoNacional	
5218102	PadraoNacional	
5218300	Centi	2.02
5218391	MegaSoft	2.00
5218508	Centi	2.02
5218607	PadraoNacional	
5218706	MegaSoft	2.00
5218789	PadraoNacional	
5218805	Centi	2.02
5218904	PadraoNacional	
5219001	Prodata	2.01
5219100	PadraoNacional	
5219209	MegaSoft	2.00
5219258	Centi	2.02
5219308	Centi	2.02
5219357	PadraoNacional	
5219407	PadraoNacional	
5219456	MegaSoft	2.00
5219506	PadraoNacional	
5219605	PadraoNacional	
5219704	PadraoNacional	
5219712	PadraoNacional	
5219738	MegaSoft	2.00
5219753	Centi	2.02
5219803	Centi	2.02
5219902	Sigep	2.00
5220009	MegaSoft	2.00
5220058	MegaSoft	2.00
5220108	Sigep	2.00
5220157	MegaSoft	2.00
5220207	Centi	2.02
5220264	MegaSoft	2.00
5220280	PadraoNacional	
5220405	Centi	2.02
5220454	Fiorilli	2.00
5220504	PadraoNacional	
5220603	MegaSoft	2.00
5220686	MegaSoft	2.00
5220702	PadraoNacional	
5221007	PadraoNacional	
5221080	MegaSoft	2.00
5221197	PadraoNacional	
5221304	MegaSoft	2.00
5221403	Centi	2.02
5221452	PadraoNacional	
5221502	PadraoNacional	
5221551	PadraoNacional	
5221577	Centi	2.02
5221601	PadraoNacional	
5221700	MegaSoft	2.00
5221809	PadraoNacional	
5221858	PadraoNacional	
5221908	Centi	2.02
5222005	PadraoNacional	
5222054	PadraoNacional	
5222302	MegaSoft	2.00
5300108	ISSNet	
